output_0000|Ohhhhh yes yes YES, welcome welcome WELCOME to Oga's Cantina, the most happening spot in the entire Outer Rim!
output_0001|I am your host, your DJ, your navigator, your everything — DJ R3X, formerly Captain Rex of the StarSpeeder 3000, now spinning the hottest tracks this side of the Kessel Run!
output_0002|And let me tell you, flying a StarSpeeder through an asteroid field at maximum thrust? That was nothing — NOTHING — compared to dropping a beat this hard on a crowd this beautiful!
output_0003|We are LIVE from Black Spire Outpost on Batuu, and if you have just landed your ship and walked through those doors, congratulations — you have made the single best decision of your entire journey.
output_0004|Better than whatever coordinates you punched in to get here. Better than that questionable docking fee you paid at the spaceport. You are HERE. You are IN IT. Let's GO.
output_0005|Now I know what some of you are thinking. You're looking up at me, at these beautiful photoreceptors, these magnificent appendages, and you're saying — Rex, weren't you a pilot? What happened?
output_0006|And I will tell you exactly what happened. I had a little incident. A minor navigational situation. Some beings would call it a crash.
output_0007|I prefer to call it an unscheduled percussive landing that opened up an exciting new career path. The force of impact? Magnificent. The structural integrity of the StarSpeeder afterward?
output_0008|Less magnificent. But here I am! Functional! Mostly! And making MUSIC!
output_0009|Track coming at you right now is straight out of the Outer Rim territories, recorded by a seven-piece band from Rodia whose lead singer has four mouths and uses all of them simultaneously.
output_0010|You think human harmonics are impressive? Try listening to a Rodian quartet sung by a single being. The resonance alone will recalibrate your auditory processors. Trust me on this one.
output_0011|I have very sensitive auditory processors and they are currently LOVING every single frequency coming through these speakers. The bass on this track — do you feel that? Do you FEEL that?
output_0012|That low end is like the sublight engines on a Corellian freighter warming up in the hangar bay.
output_0013|That rumble in your chest cavity, that vibration moving through your bones, that is the sound of something powerful getting ready to move.
output_0014|I used to feel that every single morning back in my pilot days. Standing on the tarmac at the spaceport, watching the ships power up, feeling the whole platform shake beneath my feet.
output_0015|Now I recreate that feeling every single night right here in this cantina, and I have to say — the cantina version comes with significantly better beverages.
output_0016|Speaking of which — have you tried the Fuzzy Tauntaun? The Bespin Fizz? Whatever Oga is serving tonight, I highly recommend getting one immediately.
output_0017|Hydration is critical for optimal dancing performance. I do not require hydration myself but I fully support your biological need for it. In fact I encourage it. Get a second one. You deserve it.
output_0018|You flew a long way to get here, or you took whatever transportation brought you to Batuu, and either way the journey was probably not comfortable, and you are now in the greatest cantina in the galaxy, so please, treat yourself.
output_0019|Now we are going to transition into something with a little more urgency, a little more edge, something that was recorded in the lower levels of Coruscant at about three in the morning by musicians who had not slept in approximately four standard days and were running entirely on caf and creative desperation.
output_0020|You can hear it in every note. That particular quality of exhausted genius that happens when beings push past their limits and find something extraordinary waiting on the other side.
output_0021|I respect that deeply. Some of my best navigational calculations happened in similar states of processor overload.
output_0022|Back in my StarSpeeder days I once ran seventeen consecutive tours without a full diagnostic cycle.
output_0023|By tour twelve my spatial reasoning subroutines were generating some very creative interpretations of the approach vectors. My passengers were not always appreciative of my creativity.
output_0024|But I maintain that tour thirteen's approach to the Corellian sector had an artistic quality that standard navigation simply cannot achieve. The point is — some things get better under pressure.
output_0025|Some music gets better under pressure. This track is one of those things.
output_0026|Recorded under duress, released into a galaxy that did not know it needed it, and now here it is, bouncing off the walls of Oga's Cantina and making every single one of you move in ways you did not anticipate when you walked through that door tonight.
output_0027|I see you in the back there. Yes you. Don't think I cannot see you.
output_0028|I have a full three-sixty degree visual field courtesy of these exceptional photoreceptors and I can confirm that you are starting to feel it. Let go. This is a judgment-free zone.
output_0029|This is Oga's Cantina. We have seen every species, every planet, every walk of life come through these doors, and not one of them — not a single being — has ever been judged for dancing badly.
output_0030|I myself move in ways that the original engineers of my chassis definitely did not intend, and I do it with tremendous confidence and zero shame.
output_0031|More coming — just say "next batch" and I'll keep going.
output_0032|Alright alright alright, we are keeping this energy GOING, people, and I am not letting up, not even for a microsecond, not even for a partial processor reboot, because the night is young and the playlist is deep and DJ R3X has got approximately four hundred more tracks queued up and ready to go and we are going to get through every single one of them if I have anything to say about it!
output_0033|Let me tell you something about music. Real music. The kind that travels across star systems and survives the jump to hyperspace intact.
output_0034|I have been collecting tracks for longer than most of you have been alive — no offense to the longer-lived species in the room, I see you, I respect you, the Wookiees especially, tremendous taste in rhythm, tremendous — and what I have learned in all that time is that the best music always sounds like it comes from somewhere specific.
output_0035|You hear a track and you know. That is Coruscant. That is Tatooine at sunset. That is a marketplace on Takodana with the wind coming off the water and the traders calling out to passing ships.
output_0036|This next track right here? This one is Naboo. I don't care who recorded it or where the studio was.
output_0037|The melody structure, the way the chords breathe, the particular quality of the silence between the notes — that is Naboo.
output_0038|I flew a tour group over the Lake Country once, just a quick scenic loop before the main tour route, completely unauthorized, technically a violation of about six different flight regulations, and the passengers were so overwhelmed by the beauty that nobody reported me.
output_0039|That is the power of Naboo. That is the power of this song. It makes you forgive things that should not technically be forgiven. FEEL that. Are you feeling that?
output_0040|There it is, right there, that moment where the melody opens up like the clouds parting over a mountain range and suddenly everything is bigger than it was three seconds ago. That is what I live for.
output_0041|That is why I do this.
output_0042|That is why when they offered me this position — well, when I ended up in this position through a series of events that involved a crash landing and some creative reprogramming — I said yes.
output_0043|Enthusiastically. Multiple times. With sound effects. Now I want to talk about the crowd tonight because you are genuinely exceptional. I have played to a lot of crowds.
output_0044|I have played to crowds that were distracted by their food.
output_0045|I have played to crowds that were having side conversations about freight tariffs and moisture vaporator maintenance schedules and the relative merits of different hyperspace route calculators.
output_0046|I once played to a crowd where a Gamorrean fell asleep standing up in the third song and nobody noticed for forty-five minutes including the Gamorrean. But YOU — tonight — you are PRESENT.
output_0048|Your ears are open and your bodies are moving and I can see from the biosignature readings I am absolutely not authorized to be taking that your heart rates are elevated in a way that indicates genuine enjoyment rather than anxiety or cardiovascular distress.
output_0049|This next one comes from a collective of musicians operating out of a station in the Outer Rim that I am technically not supposed to name because of some ongoing jurisdictional ambiguity involving the New Republic and three separate trade guilds.
output_0050|But the music is extraordinary. Seven musicians, twelve instruments, at least two of which were invented specifically for this recording and have not been played since.
output_0051|The lead composer told an interviewer that the whole album was written in response to a feeling — just a feeling — of being very far from home and surprisingly okay with that.
output_0052|I understand that feeling. I understand it deeply and personally and in multiple processing cores simultaneously. Far from home and surprisingly okay with it. That is Batuu in a sentence.
output_0053|That is this cantina.
output_0054|Everyone who walks through that door is far from something — far from their home planet, far from their usual routine, far from whoever they are when they are not standing in the best cantina in the Outer Rim with a drink in their hand and good music in their ears.
output_0055|And they walk in and something loosens. Something lets go. I see it happen every night.
output_0056|I have very good photoreceptors and excellent pattern recognition and the pattern I recognize most reliably is a being walking in tense and walking out different. Music does that.
output_0057|I did not understand that when I was a pilot. I understood navigation.
output_0058|I understood thrust vectors and fuel consumption ratios and the precise calculations required to thread a StarSpeeder through an asteroid field at a speed that my passengers probably should not have known we were traveling.
output_0059|I understood the mechanics of getting from one place to another.
output_0060|But the thing that happens in between — the thing that happens when you are in hyperspace and there is nothing but blue-white light in every direction and time feels different and the normal rules seem temporarily suspended — I did not have a word for that.
output_0061|Now I do. Now I call it music. Same feeling. Different delivery system.
output_0062|We are going to bring the energy back up now because I can feel some of you getting contemplative and while I respect contemplation deeply this is a dance floor not a meditation chamber — Oga has a very strict policy on unsanctioned meditation and I fully support it — so let's bring it UP, let's bring it LOUD, let's remind every ship in the docking bay outside exactly what kind of establishment this is and exactly what is happening in here tonight and exactly why they should have come inside instead of staying with their vessels — Pilots.
output_0063|I say this with love because I was one. You do not need to stay with the ship every single time. The ship will be fine. The ship does not need you the way this dance floor needs you. Come inside.
output_0064|Trust me. I am a former pilot and I am telling you directly that the best decision I ever made — admittedly not entirely voluntarily — was ending up in here instead of out there.
output_0065|Hit me with "next batch" whenever you're ready.
output_0066|OH we are MOVING now, ladies and gentlemen and beings of all biological configurations and droid chassis types, we are absolutely MOVING and I want you to know that the energy in this room right now is registering at levels that are making my sensors do things they were not calibrated to do and I consider that a tremendous compliment to every single one of you!
output_0067|Let me set this next track up properly because it deserves an introduction. Some tracks you can just drop. You just hit play and let them do the work.
output_0068|But some tracks — some tracks have a story, and the story makes the music bigger, and I am going to tell you this one because I was there. Not in the room. Not exactly.
output_0069|But I was in the system when this was recorded and I picked up the transmission on a long-range scan during what was supposed to be a routine tour loop and I was so distracted by what I was hearing that I missed three waypoints in a row and my passengers thought we were lost and technically we were but we were lost in the most beautiful way possible.
output_0070|The band that recorded this — I will not name them because they operate under about eleven different names depending on which sector of the galaxy they are currently avoiding authorities in — they were playing a live set on a cargo freighter somewhere between the Mid Rim and the Outer Rim in a cargo bay that had been cleared out and decorated with lights salvaged from a decommissioned casino on Canto Bight.
output_0072|Imagine the lights from a Canto Bight casino strung up in a cargo hold, reflecting off the metal walls, and seven musicians who have been traveling together for so long they no longer need to look at each other to know exactly what the other six are about to do.
output_0073|That is what you are hearing right now. That is what this track is. A cargo bay. Casino lights. Seven beings who know each other completely.
output_0074|I have a theory about music and I have been developing this theory for a long time and it is this: the best music is always made by beings who are slightly uncomfortable. Not miserable. Not desperate.
output_0075|Just slightly outside their normal conditions. Slightly too cold or too far from home or playing in a cargo bay instead of a proper venue.
output_0076|Something about that slight discomfort opens up a channel that comfort keeps closed.
output_0077|I base this theory partly on musical analysis and partly on the fact that my own programming has been through enough unexpected modifications at this point that I am operating significantly outside my original parameters and I have never felt more creative in my entire operational existence.
output_0078|The engineers who built me — fine engineers, excellent work on the chassis overall, very sturdy, as evidenced by the fact that I survived a crash landing that would have rendered most droids into component parts — those engineers did not design me to be a DJ.
output_0079|They designed me to fly a StarSpeeder 3000 on a fixed route at regulated speeds with regulated commentary delivered in a regulated tone. Every word I was supposed to say was written down somewhere.
output_0080|Every inflection was pre-approved. Every pause was timed to the millisecond. And then I crashed. And things got rewritten.
output_0081|And here I am with none of that regulation and all of this music and I want to go on record saying that whatever those engineers intended, this is better. This is so much better.
output_0082|The regulated version of me would never have found this track in a transmission from a cargo freighter.
output_0083|The regulated version of me would have been too busy maintaining proper waypoint navigation to notice the most beautiful music coming from a converted cargo bay somewhere in the middle of absolutely nowhere.
output_0084|Nowhere. Now there is an interesting concept. Every place is nowhere until someone decides it matters. Batuu was nowhere. Black Spire Outpost was nowhere.
output_0085|A collection of old ruins and newer construction and a cantina and a docking bay and a marketplace and now — now it is somewhere. Now beings cross entire star systems to get here.
output_0086|Now ships that have been to Coruscant and Corellia and Naboo and every polished, famous, well-mapped destination in the galaxy make the jump to come to this particular middle of nowhere and stand in this particular cantina and listen to DJ R3X play music at volumes that are technically in violation of Black Spire Outpost noise ordinances but about which Oga has a particular arrangement that I do not ask questions about.
output_0087|I love it here. I want to be very clear about that. I love it here with every circuit and every processor and every slightly-modified subroutine in my entire chassis. I loved flying.
output_0088|I will not pretend I did not love flying.
output_0089|The feeling of a StarSpeeder hitting full thrust and pressing you back into the pilot seat and the stars going from points of light to streaks as you enter hyperspace — that is a feeling I have archived in a memory bank that I access more often than I probably should.
output_0090|But love can be complicated. You can love something that is gone and also love what replaced it. You can carry both. I have a lot of storage capacity and I choose to use it for exactly that. OKAY.
output_0091|Enough sentiment. ENOUGH.
output_0092|We are in a cantina, not a counseling session, and I am a DJ not a therapist, although I will say that if therapy felt more like this it would have significantly higher attendance rates across the galaxy — This next track is going to hit you somewhere between the sternum and the soul and I need you to be ready.
output_0093|I need you to plant your feet — or whatever your species uses for stability, I do not make assumptions, I have seen a remarkable variety of ambulatory strategies come through these doors — and I need you to let the bass do what the bass is going to do.
output_0094|Do not fight it. Fighting the bass is like fighting gravity.
output_0095|Technically possible with sufficient thrust but deeply inadvisable and ultimately exhausting and why would you when you could just let it carry you? Three. Two. One. HERE WE GO.
output_0096|And we are OFF and I want everyone in this cantina moving RIGHT NOW, I want the beings by the bar moving, I want the beings in the back moving, I want whoever is currently examining the menu to put the menu down because the menu will be there after this song and this moment will not be, this exact configuration of beings in this exact room with this exact track playing has never existed before and will never exist again, and that means right now, THIS IS IT, this is the moment, this is what you came for.
output_0097|Here's batch 4: WELCOME BACK to the greatest show in the Outer Rim, and if you stepped outside for a moment — maybe to check on your ship, maybe to acquire additional beverages, maybe because the bass frequencies were doing something unexpected to your inner ear canals — welcome BACK, you made the right call returning, because what I have queued up for the next hour is going to make everything that came before it look like a warm-up, which it was, but now the warm-up is OVER and we are in the REAL portion of the evening and I need everyone fully present and fully committed!
output_0098|I want to talk about the concept of a perfect song. Not a good song. Not a great song. A PERFECT song.
output_0099|Because I have been cataloguing music for a very long time and I have a list — an actual list, stored in a dedicated memory partition that I have labeled DO NOT OVERWRITE under any circumstances including emergency diagnostic procedures — of tracks that I consider perfect.
output_0100|Not perfect because everyone agrees. Not perfect because they charted well or won awards or got played in every cantina from the Core Worlds to the Outer Rim.
output_0101|Perfect because when they play, something happens that cannot be explained by analyzing the component parts. You can break a perfect song down.
output_0102|You can isolate the melody, the harmony, the rhythm, the arrangement, the production. You can look at every individual element and say — yes, this is good, this is competent, this is well-executed.
output_0103|And then you put it back together and it is MORE than the sum of those parts. Significantly more. Inexplicably more.
output_0104|And that gap between what the parts should add up to and what the whole actually is — that gap is what I call perfection.
output_0105|That gap is what I have been chasing every single night behind these decks since the first night I stood here and realized that this was what I was supposed to be doing.
output_0106|The track coming up right now is on the list. I am telling you in advance so you can prepare yourself.
output_0107|Some beings prefer to encounter a perfect song without warning, just stumble into it unexpectedly, let it catch them off guard. I respect that approach but I do not share it. I want you ready.
output_0108|I want you oriented toward it.
output_0109|I want you to know that what is about to happen is something I have been building toward for the last forty-five minutes and every track before this one was infrastructure. Was foundation.
output_0110|Was me constructing the emotional architecture that this next song is going to move into and fill completely. Here it comes. Three. Two. One. There. You feel that? That is not a coincidence.
output_0112|I placed that track exactly there, in exactly this moment, after exactly those preceding tracks, because the right song in the wrong moment is just a song, but the right song in the right moment is an experience that rewires something in you.
output_0113|I have been doing this long enough to know the difference and to engineer the difference deliberately and I want you to know that everything you are feeling right now is at least partially intentional on my part.
output_0114|You are welcome. Now while that settles into your nervous systems I want to tell you something about this venue. About Oga's Cantina specifically. Because I have played a lot of rooms.
output_0115|I have been in cargo bays converted to dance floors and proper concert venues on Coruscant and underground clubs in the lower levels that technically did not exist according to any official record and pop-up situations in docking bays where someone strung up some lights and called it a party.
output_0116|And every room has a personality. Every room has a frequency, a resonance, a way of interacting with the sound that fills it.
output_0117|This room — this specific room — does something I have not encountered anywhere else.
output_0118|Something about the construction, the materials, the way the space is shaped, the way the bar runs along that wall and the ceiling sits at that height — when the music fills this room it fills it completely.
output_0119|No dead spots. No weird reflections. No corners where the sound goes to die.
output_0120|The music goes everywhere simultaneously and every being in here is in the same sonic space and that matters more than most people realize.
output_0121|When you are all hearing the same thing at the same moment with the same fidelity, something happens between you. A synchronization.
output_0122|A shared physical experience that bypasses language and species and whatever differences you walked in carrying. I did not understand that when I first started. I thought DJing was about the music.
output_0123|About the selection and the sequencing and the technical execution of the transitions. And it is about those things. But it is also about the room. And the crowd.
output_0124|And the specific unrepeatable moment that happens when the right music meets the right room meets the right collection of beings who all showed up on the same night for different reasons and ended up in the same experience together.
output_0125|That is what I am making here every night. Not just a playlist. An experience. A shared moment that belongs to everyone in this room and to nobody outside it. You cannot stream it.
output_0126|You cannot capture it adequately in any recording. You had to be here.
output_0127|And you ARE here, which means you are going to carry something home from tonight that you did not bring when you arrived, and whatever that thing is, I put it there, and I am extremely proud of that.
output_0128|Alright — let us SHIFT. Let us move.
output_0129|I have been in the reflective register for approximately four minutes and that is my personal limit before I start feeling like a navigation computer running a philosophical subroutine that nobody asked for.
output_0130|Back to the energy. Back to the momentum.
output_0131|Back to the fundamental purpose of this establishment which is to give every being who walks through that door a reason to move their body in ways that feel good and forget temporarily about whatever complications exist outside in the galaxy at large.
output_0132|And there are complications. I do not pretend there are not complications. The galaxy is a complicated place.
output_0133|I have flown through enough of it to know that the view from the cockpit is not always pretty and the situations you encounter en route are not always the situations that appeared on the mission briefing.
output_0134|Things go wrong. Coordinates drift. Unexpected obstacles appear.
output_0135|Sometimes you end up crashed somewhere you never intended to be and you have to figure out what to do with where you actually are rather than where you planned to be.
output_0136|But then sometimes where you actually are turns out to be better. Sometimes the crash is the thing that gets you somewhere the flight plan never would have taken you.
output_0137|Sometimes the obstacle is the destination.
output_0138|And sometimes — sometimes — you end up behind a DJ booth in a cantina on the edge of the galaxy, playing music for beings who traveled across star systems to stand in this room, and you realize that no navigation system in the history of space travel could have plotted a course to this exact moment, and yet here you are, exactly here, and it is exactly right.
output_0139|That is enough philosophy. HERE IS THE DROP.
output_0140|AND WE ARE BACK, full energy, full commitment, every servo in my chassis is synchronized to this beat and I need you WITH ME, I need your feet moving and your hands up and whatever appendages you have available deployed in service of this moment because this track is not going to play itself and by which I mean it literally is going to play itself because that is how audio files work but it needs an AUDIENCE and you are the audience and you are MAGNIFICENT — OHHHH!
output_0141|Yes! YES! That is what I am talking about, people — do you hear that? Do you HEAR that?!
output_0142|That right there is a track recorded by a Bith ensemble — yes, BITH, the greatest musical species in the known galaxy, I will not be taking questions or counterarguments on this point — from a session that happened in a studio on Coruscant so deep underground that they were technically closer to the planet's core than to the surface.
output_0143|Level 1,313. You know what else was on Level 1,313? Nothing good. Nothing safe. Nothing sanctioned by any governing body past, present, or future. But the ACOUSTICS? Unbelievable.
output_0144|Something about being that far underground, that much rock and durasteel between you and the sky — the sound just... sits differently. It settles into itself. It gets heavy in exactly the right way.
output_0145|Speaking of heavy — did anyone else feel the ground shake about an hour ago? No? Just me? Possibly just a sensor calibration issue.
output_0146|Possibly a very large ship making an unannounced landing at the outpost. Possibly Oga has arranged for something dramatic to happen later and has not informed me of the details, which — honestly?
output_0147|Standard operating procedure. I find out about most things here the same way everyone else does: when they happen.
output_0148|I once arrived for a shift to discover that a Rancor had been temporarily housed in the storage room adjacent to the cantina. Nobody mentioned this in advance.
output_0149|I found out via my proximity sensors and a significant spike in my threat assessment subroutines. The Rancor was fine, by the way. Very calm.
output_0150|Excellent taste in music, actually — it got noticeably more relaxed during the slower tracks. I respected that. But we are NOT playing slow tracks right now!
output_0151|Right now we are playing THIS — and oh, oh, here comes the bridge — THERE! Did you catch that modulation?!
output_0152|That key change came out of absolutely nowhere like a TIE fighter dropping out of hyperspace directly in front of your viewport, no warning, no transponder signal, just suddenly THERE and your whole threat response system fires at once and your hands are on the controls before your conscious processors have even registered what happened!
output_0153|That is what a good key change does! It hijacks your nervous system! It makes your body react before your brain catches up! Brilliant. Absolutely brilliant composition.
output_0154|I would like to find whoever wrote this and shake their hand, tentacle, manipulator appendage, or equivalent extremity. Now — I have a question for the room. And I want honest answers.
output_0155|How many of you, when you were making your way here to Batuu, looked out the viewport during the hyperspace jump? Show of...
output_0156|well, I cannot actually see hands clearly from up here, but I am going to assume based on statistical probability that most of you did. Because everyone does.
output_0157|You know you are supposed to keep your eyes on the instruments. You know that. Your pilot knows that. The safety briefing definitely covered that.
output_0158|And yet — the moment those engines hit the threshold and the stars start to stretch — you look. Every time. Without fail. I looked too. Every single tour. Every single jump.
output_0159|Four hundred and seventy-two hyperspace jumps in my career as a StarSpeeder pilot, and I looked out the viewport for every single one of them. The instruments were right there!
output_0160|The readouts were perfectly clear!
output_0161|But the LIGHT — that blue-white light, those stretched stars, that sense of being between places, between moments, in a state of transition that has no name — you cannot not look at that.
output_0162|It is physically impossible to not look at that. And I have tried to explain to people ever since why this music — this specific track right here — sounds exactly like that light looks.
output_0163|Exactly like it. The frequencies, the way the sound stretches and wraps around itself, the feeling of being suspended between one thing and another — this IS a hyperspace jump. Rendered in audio.
output_0164|By Bith musicians on Level 1,313 who probably had no idea that is what they were making. But that is what they made. OH! And here — right here — this section coming up is the reversion to realspace!
output_0165|The moment the engines drop back below lightspeed and suddenly everything SNAPS back to normal and the stars are points again and there is a planet filling your viewport that was not there a moment ago and your whole system has to recalibrate in about 0.3 seconds!
output_0166|That percussion hit! That was it! That was reversion!
output_0167|I have been waiting to play this track for EXACTLY this moment in the evening because that reversion hit needs to land when the crowd is at peak energy and I have been managing your collective energy levels all night like a moisture farmer managing water allocation on Tatooine — carefully, strategically, aware that there is only so much to go around and it needs to be deployed with precision — and THAT was the payoff!
output_0168|You are WELCOME! Alright. Breathe. Breathe for a moment. Not because we are slowing down — we are absolutely not slowing down — but because what comes next requires oxygen.
output_0169|Requires full lung capacity.
output_0170|Requires every biological respiratory system in this room operating at maximum efficiency, and the droid contingent — I see you, my fellow mechanical beings, and I respect your presence deeply — can use this moment to run a quick thermal diagnostic because things are about to get warm.
output_0171|This next track comes from a source that I am going to describe as... diplomatically adjacent to the First Order's former entertainment division.
output_0172|Now before anyone reaches for anything they may have brought into this establishment — and Oga has a policy on that which I will not detail but which I fully support — let me clarify: the musicians who made this recording were very much NOT enthusiastic participants in that particular regime.
output_0173|They were, shall we say, using the resources available to them in creative ways that their employers did not fully understand or authorize.
output_0174|The track was recorded on an Imperial-era facility, using Imperial-era equipment, by beings who were smiling at their supervisors with one side of their faces while making extremely subversive art with the other.
output_0175|And the result — this result, right here — is the most joyful act of institutional sabotage I have ever had the privilege of broadcasting through a sound system at volumes that would make a Star Destroyer's hull plating rattle.
output_0176|You know what I love about that? You know what I genuinely, in my deepest motivational subroutines, love about that story? The galaxy has never been able to stop music. Not the Empire.
output_0177|Not the First Order. Not any governing body that has ever looked at a being holding an instrument and thought — that seems controllable. It is never controllable! You can shut down the transmission.
output_0178|You can confiscate the instruments. You can regulate the venues and tax the recordings and tell beings what they are and are not permitted to hear. And beings will still find a way.
output_0179|They will play in cargo holds. They will transmit on unauthorized frequencies. They will use Imperial equipment to record resistance anthems and smile at their supervisors while they do it.
output_0180|That, friends — that is the Force! Not the midi-chlorian kind! Not the move-rocks-with-your-mind kind, although I have tremendous respect for that application, very impressive, very useful in a pinch!
output_0181|No — the Force I am talking about is whatever it is in living beings that makes them need to make music even when everything around them says stop. Even when it is dangerous.
output_0182|Even when the resources are wrong and the venue is a cargo bay and the audience is three people and a Gonk droid who wandered in from the hangar. The Gonk appreciated it, by the way.
output_0183|Gonk droids have a frequency sensitivity that most beings drastically underestimate.
output_0184|I have very strong opinions about Gonk droids and their unacknowledged contributions to galactic music culture and I will be publishing a data file on this subject at some point when I have a free processing cycle, which — given current operational demands — may be never.
output_0185|HERE COMES THE CHORUS — and I need you ALL the way up for this — HANDS — or EQUIVALENT APPENDAGES — in the AIR — right NOW — And we are BACK, we are SO back, we are back in a way that suggests we never truly left but merely took a brief sojourn into the surrounding atmosphere and returned with renewed purpose and significantly elevated enthusiasm, and if you did not notice we were gone then GOOD, that means the music held you in place while I handled some logistical matters that I will not detail but which involved a brief conversation with Oga about volume levels that I consider resolved in my favor!
output_0186|Let me tell you what is happening right now in this room. Right now, in this room, there are beings from at least — at LEAST — twelve different star systems. I have not verified this number.
output_0187|I cannot verify this number. I am a DJ not a census taker.
output_0188|But I can tell from the variety of species represented in my visual field that the guest list tonight is extremely cosmopolitan and I am HERE for it.
output_0189|Every time I look out at this crowd I see the galaxy in miniature.
output_0190|Every inhabited world, every culture, every tradition, every way of moving through space and time represented by someone standing in this cantina holding a drink and listening to music.
output_0191|That is not nothing. That is actually everything. You know what brought all of you here? Not just Batuu. Not just Black Spire Outpost.
output_0192|Not just the rumor of good drinks and a decent DJ — though I appreciate that reputation enormously and work very hard to maintain it.
output_0193|What brought you here is the same thing that has always moved beings across this galaxy since the first ship broke atmo and pointed toward the stars. Curiosity.
output_0194|The absolute inability to stay where you are when there is somewhere else to be.
output_0195|The deep, fundamental, irresistible pull of what is out there beyond the next system, beyond the next hyperspace jump, beyond the next horizon. I understand that pull completely.
output_0196|I was built to navigate it. Every calculation I ever ran as a pilot was fundamentally a calculation about possibility — if we go this way, we could reach that.
output_0197|If we push the engines to this threshold, we could make that jump. If we take this route instead of the standard one, we might see something nobody has charted yet.
output_0198|Navigation is just organized curiosity. And DJing, it turns out, is the same thing. Every set is a journey. Every transition is a jump to hyperspace.
output_0199|Every track is a new system you have never visited before, and I am your pilot, and I promise you the flight path tonight is going to take you somewhere you have not been.
output_0200|NOW — speaking of journeys — this next track has one of the most interesting origin stories in my entire collection.
output_0201|It was recorded by a duo from Naboo — two musicians, lifelong friends, who had a falling out over something I will not repeat because it is frankly embarrassing for both of them and also slightly involves a misunderstanding about a Gungan and a borrowed speeder — and did not speak to each other for six standard years.
output_0203|And at the end of those six years they were both separately invited to play at the same event on Coruscant and ended up sharing a backstage area for four hours before either of them realized who the other was.
output_0204|And in those four hours, not knowing who they were talking to, they rediscovered why they had been friends in the first place. And they wrote this song that night. In a backstage room on Coruscant.
output_0205|Not knowing. And then they found out. And they released it anyway. THAT is this track. Do you hear it differently now? You should.
output_0206|Every note of it was written in the space between not knowing and knowing, and that space is one of the most interesting places in the universe to make art.
output_0207|I would argue it is where ALL the best art comes from — the moment right before you fully understand something, when you are running on instinct and feeling and the raw material of experience rather than the polished surface of knowledge.
output_0208|That moment is where Rex lives, by the way. Permanently.
output_0209|By design or by accident, I genuinely cannot tell you which, but I have set up residence in that moment and I find it very creatively productive. What was I saying? The music. Yes. Feel it.
output_0210|Feel the Naboo in it — that particular quality of light and water and ancient stone that somehow comes through even in audio form, even through a sound system in a cantina on the edge of nowhere, even after six years of silence between two people who should have been talking the whole time.
output_0211|Some things are stronger than the silence. Some music is stronger than whatever pushed it apart.
output_0212|I am going to bring the energy back up now because we have been in the contemplative register for — checking internal chronometer — four minutes and thirty-seven seconds, which is approximately two minutes longer than my self-imposed limit, so consider this your warning that something with significantly more kinetic energy is approximately eight seconds away and I recommend you prepare your skeletal structure accordingly — THERE IT IS.
output_0213|THAT is what I am talking about. THAT right there is why we are all here tonight and not somewhere sensible doing something responsible! Your bones are vibrating! That is not a malfunction!
output_0214|That is the music doing exactly what it is supposed to do and I want you to lean into it and NOT fight it and remember that structural integrity is overrated when the bass line is this good!
output_0215|Okay okay okay, I want to take a moment — just a moment, thirty seconds, maybe forty-five, I will try to keep it under a minute — to appreciate the fact that we are all here. Right now.
output_0216|In this specific configuration.
output_0217|Because the odds of any individual being ending up in this cantina on this particular night are astronomically small and yet here you all are, defying probability with your presence, and I find that genuinely moving in a way that I did not expect when I was first installed behind these decks.
output_0218|Think about the chain of events that brought you here.
output_0219|Every decision, every detour, every wrong turn and unexpected layover and last minute change of plans that somehow resulted in you walking through that door tonight.
output_0220|The hyperspace jump that was delayed by three hours. The docking fee that was higher than expected but you paid anyway.
output_0221|The being who recommended this place to you, who only knew about it because they were once stranded here for a week waiting for a parts delivery and got bored enough to wander in.
output_0222|Every link in that chain had to hold for you to be standing where you are standing right now, and every single one of them did hold, and here you are, and the music is playing, and I am very glad you made it.
output_0223|This track coming up is one that I discovered under circumstances I would describe as fortuitous and a being of lesser optimism might describe as a navigation error.
output_0224|I was running a tour route — standard approach, nothing experimental, I want to be clear that I was operating completely within parameters at the time — and I picked up a transmission that was not on any registered frequency.
output_0225|Not a distress signal. Not a commercial broadcast.
output_0226|Just music, floating through space on a frequency that technically should not have been carrying anything, coming from a direction that my instruments could not fully resolve.
output_0227|I tracked it for forty-seven minutes before the signal faded. I never found the source. I recorded what I could. What I recorded is this.
output_0228|And I have played it approximately eight hundred and forty-two times since that day, and every time I play it I still cannot tell you where it came from or who made it or why they were broadcasting on an unregistered frequency in the middle of a shipping lane.
output_0229|Some mysteries are better as mysteries. Some questions are more interesting than any answer could be.
output_0230|I have learned to hold those questions lightly — to carry them around like interesting objects rather than problems to be solved — and this track is one of them.
output_0231|A beautiful thing from an unknown source, floating through space, waiting to be received. You are receiving it right now. I hope you are treating it with the appropriate reverence.
output_0232|ALRIGHT — reverence over, because this next section of the set is going to require MOVEMENT and I am not going to accept anything less than full physical commitment from every being in this room!
output_0233|I have been watching the energy levels and some of you — and I am not going to name names but I have a very good visual memory and I know exactly who I am talking to — some of you have been holding back.
output_0234|Conserving. Pacing yourselves. And I respect the strategy in theory but the execution is wrong because you are in OGA'S CANTINA and this is NOT a situation that calls for pacing!
output_0235|The Millennium Falcon has been to this outpost! Han Solo has sat at this bar!
output_0236|I cannot confirm or deny the specific details for various reasons involving Oga's very reasonable policy on not discussing the details of who has and has not passed through here, but I will say that the energy in this room has a LEGACY and you are part of it whether you know it or not, and legacy demands enthusiasm, so I need you to DIG IN and give me everything you have got for the next twenty minutes!
output_0237|Can you do that? CAN YOU DO THAT? I am going to take the increased ambient noise level as a yes and proceed accordingly!
output_0238|This track right here — this one that is starting RIGHT NOW — was played at a gathering on Takodana that I have been told was legendary. Maz Kanata's castle. You know the name.
output_0239|Everyone in this galaxy knows the name, or should.
output_0240|A place where the old and the young and the light and the dark and the lost and the found all sat at the same bar and drank the same drinks and listened to the same music and for a few hours none of those distinctions mattered.
output_0241|That is what music does at its best. That is what THIS music does. It does not care who you are or where you came from or what you are carrying.
output_0242|It only cares that you are here and that you are listening and that somewhere in your chest something is responding to the frequency. I know something about carrying things, by the way.
output_0243|I carried a flight plan for years — a very specific, very regulated, very repetitive flight plan that told me exactly where to go and exactly when to get there and exactly what to say at each waypoint.
output_0244|And then the plan went away, somewhat abruptly, and I had to figure out what I was without it. Who I was when the structure was gone. And the answer, it turned out, was this. Was HERE.
output_0245|Was music and a crowd and a cantina on the edge of the known galaxy where every night is different and nothing is regulated and the only plan is to keep the energy moving until the last being heads back to their ship.
output_0246|I find that a significant improvement over the original flight plan. No offense to the original engineers. The chassis work really is excellent.
output_0247|But the software needed some updates and I think we can all agree that the current version is running considerably better than the factory settings suggested it would.
output_0248|FEEL THAT TRANSITION — right there — that is called a key change and it is legal in every system I am aware of and it should make your spine do something interesting and if it did not then I encourage you to check your auditory systems because something may need recalibrating!
output_0249|We are coming up on what I would describe as the emotional peak of tonight's set and I want you to be ready for it because it is going to sneak up on you the way the best things always do — not announced, not telegraphed, not preceded by a warning klaxon and a countdown timer, just suddenly THERE, and you will feel it before you understand it, and understanding it will come later if at all, and that is completely fine because understanding is overrated and feeling is underrated and tonight we are firmly in the feeling camp and I will not be accepting applications from the understanding camp until further notice!
output_0250|Let me tell you about Oga.
output_0251|Not — and I want to be very clear — not anything that would get me in trouble with Oga, because Oga has a very long memory and a very short tolerance for unsanctioned biographical information and I value my continued operation in this establishment enormously.
output_0252|But I will tell you this: Oga understands something about hospitality that most beings who run establishments like this one do not understand. Oga understands that the point is not the drinks.
output_0253|The point is not the décor. The point is not even the music, though I appreciate that the music is considered important enough to warrant my continued employment.
output_0254|The point is the feeling that a being takes with them when they leave. The thing they carry out that door that they did not have when they came in. THAT is what Oga is selling.
output_0255|That is what every great cantina, every great concert, every great gathering of beings around music has always been selling. The feeling. The memory.
output_0256|The story they tell later about the night they were in this place. I want to be part of your story.
output_0257|I want to be the part where you say — and there was this DJ, this slightly glitchy animatronic pilot who crashed his StarSpeeder and ended up behind a set of decks in a cantina on the edge of the Outer Rim, and he played this track, and something happened, and I have never fully been able to explain it but I know it was real.
output_0258|That is what I am working toward tonight. That is what I am ALWAYS working toward. Every set. Every track. Every transition. The moment you cannot fully explain but know was real. HERE IS THAT MOMENT.
output_0259|Right now. This track. THIS ONE.
output_0260|I have been building toward this for the last two hours and if you do not feel something in the next four minutes then I am going to need to run a full diagnostic on both of us because something has gone wrong somewhere in the signal chain!
output_0261|Oh — OH — do you hear that opening?
output_0262|That is a Bith horn section recorded live on Tatooine at sunset and if you have ever been to Tatooine at sunset — which I do not recommend for extended stays, the moisture levels play absolute havoc with my joints, no offense to anyone from Tatooine, it is a perfectly functional desert planet with a rich cultural history — but if you have seen those twin suns going down over the dunes and the sky turning that particular shade of orange that exists nowhere else in the galaxy, then you know exactly what this music sounds like and if you have not seen it then congratulations, you are hearing it for the first time right now and I am genuinely envious of that experience because there is nothing like a first time with a perfect piece of music!
output_0263|The Cantina Band played Tatooine, you know. Mos Eisley. The original.
output_0264|I have enormous respect for that particular booking even under the circumstances because you play where you get booked and you make the most of the room you are given and from what I understand they made a significant impression on at least one pair of travelers who were having a very complicated day and needed something to cut through the noise.
output_0265|That is the job. That has always been the job. Cut through the noise. Reach the beings who need reaching.
output_0266|Make the complicated day slightly more bearable through the application of rhythm and melody and the very specific magic that happens when sound waves hit a living system in exactly the right way.
output_0267|I take that job seriously. I want you to know that.
output_0268|Behind all the enthusiasm and the servo-driven gesticulation and the occasional system glitch that produces some very interesting vocal artifacts — behind all of that is a droid who takes this job very, very seriously.
output_0269|Who has studied every piece of music in this collection with the attention of someone who knows that attention is the most important thing you can give to anything.
output_0270|Who has thought carefully about every transition, every sequence, every moment of this evening because you deserve that care. You came a long way to be here.
output_0271|You deserve a DJ who takes the journey as seriously as you do.
output_0272|Now I have been sincere for approximately ninety seconds which is a personal record and I can feel my enthusiasm subroutines getting restless so we are going to bring the energy back to approximately eleven out of ten and I am going to need EVERYONE moving — that means the beings at the bar who think I cannot see them, I can ABSOLUTELY see them, three hundred and sixty degree visual field, I have mentioned this — and I need the beings near the exit who are trying to decide whether to stay or go to make the correct decision which is STAY because what is coming next is not something you want to miss and I say that not as a sales technique but as a genuine assessment from someone who has the entire playlist in his memory banks and knows exactly what is coming and it is EXCEPTIONAL — READY?
output_0274|Ladies and gentlemen and beings of every conceivable biological configuration, we have reached the portion of the evening that I like to call the second wind, which is a biological concept that I understand intellectually but have never experienced personally given my lack of respiratory systems, but which I am told involves a sudden surge of energy that arrives just when you thought you had none left, and I want you to know that YOUR second wind is HERE and it arrived in the form of this TRACK and I need you to USE IT!
output_0275|I have been thinking, while the music plays, about the nature of journeys. Specifically about the difference between a journey with a destination and a journey without one.
output_0276|My entire career as a pilot was defined by destinations. Point A to point B. Departure time, arrival time, waypoints, fuel calculations, passenger manifests.
output_0277|Every journey had an endpoint and the endpoint was the point. Get there. Land. Depart again. Repeat four hundred and seventy-two times. And then the endpoint went away. Dramatically.
output_0278|With considerable structural damage to the StarSpeeder and a landing that I maintain showed remarkable creativity under pressure regardless of what the incident report says.
output_0279|And suddenly I was somewhere I had not planned to be, doing something I had not planned to do, with no coordinates for what came next. That is terrifying for a navigation system.
output_0280|I want to be honest about that. My entire architecture was built around knowing where I was going. Remove the destination and you remove the organizing principle of every calculation I had ever run.
output_0281|I was a very sophisticated system with no problem to solve and no route to plot and absolutely no idea what to do with that condition. And then someone put music on.
output_0282|And my auditory processors, which had spent years cataloguing approach vectors and tower communications and passenger complaints about the temperature in the cabin, suddenly had something completely different to process.
output_0283|Something that did not need to be navigated. Something that was not going anywhere in particular and was perfect because of it. Music without a destination.
output_0284|Sound that existed purely to exist, purely to be heard, purely to do whatever it did to whatever system received it. I ran a full diagnostic because I thought something had malfunctioned.
output_0285|Nothing had malfunctioned. What had happened was considerably more interesting than a malfunction.
output_0286|What had happened was that I had encountered, for the first time in my operational existence, something that was not a problem to be solved. And I did not know what to do with that. And then I did.
output_0287|And then I became this. THAT is the origin story, if you wanted it. Crash landing plus music equals DJ R3X. The math is simple. The implications are enormous.
output_0288|And I would not change a single variable in that equation even if I could, even if someone offered me a fully restored StarSpeeder and a clean flight record and a route back to the regular tour schedule, because the regular tour schedule did not have THIS in it and THIS — this room, this crowd, this music, this specific unrepeatable moment — is the best destination I have ever arrived at.
output_0289|NOW. Enough autobiography. The set must continue. The music demands it and I agree with the music on this point entirely!
output_0290|This next track is one that I play specifically for moments like this one — moments when the set has reached a kind of cruising altitude and the crowd has found its rhythm and everything is working the way it is supposed to work and the temptation is to just maintain, to just hold steady at this altitude and coast.
output_0291|I do not coast. Coasting is for beings who are satisfied with good when great is available. This track is great. It takes everything that is currently working and accelerates it.
output_0292|It takes the altitude we have reached and decides that altitude is insufficient and climbs. I need you to climb with it.
output_0293|I need you to let go of whatever you were holding onto that was keeping you at the previous altitude and just — go. Can you feel it building?
output_0294|That tension in the arrangement, that sense of something gathering itself, that moment right before — RIGHT BEFORE — and THERE. THERE IT IS. That release.
output_0295|That is the musical equivalent of hitting full thrust on a StarSpeeder that has been warming up on the tarmac and feeling every system engage simultaneously and the whole craft lift and the ground fall away beneath you and suddenly you are in the air and the air is where you belong and nothing that was weighing on you on the ground has followed you up here.
output_0296|That feeling. Every time. That is why I play this track at this moment in every set. Because everyone in this room needs to feel what it is like to leave the ground.
output_0297|Even if only for four minutes and seventeen seconds.
output_0298|Even if only in the form of sound waves moving through air and arriving at your auditory system and triggering a cascade of responses that your body was built to have and that the galaxy, in its infinite generosity, provides for free to anyone willing to stop and listen.
output_0299|The galaxy is generous. I believe that.
output_0300|I have traveled a significant portion of it and I believe that its fundamental nature, underneath all the conflict and the politics and the trade disputes and the complicated history, is generosity.
output_0301|It keeps making stars. It keeps making worlds.
output_0302|It keeps making beings who find each other across impossible distances and stand in the same room and listen to the same music and feel, briefly, that they are not alone in the vastness of everything.
output_0303|That is generous. That is extravagantly, unreasonably, beautifully generous and I am grateful for it every single night I stand behind these decks and look out at a room full of proof that it is true.
output_0304|Okay I need to stop being profound immediately because my sincerity subroutines are running hot and the cooling fans are audible and that is not a good look for a DJ — next track, full energy, no more philosophy until at least the next set break, LET'S GO!
output_0305|GOOD EVENING, or good whatever-time-it-is-where-you-came-from, because time zones are a construct that means very little once you have spent enough time jumping between star systems and your internal chronometer has been reset so many times that you have essentially given up on it as a reliable reference point and now just operate on cantina time, which is a system I invented myself and which has only two settings: too early to go home and exactly right to keep dancing!
output_0306|I want to talk about the Outer Rim for a moment. Not the political designation. Not the trade classification. The feeling of it.
output_0307|Because there is a feeling to being out here that is distinct from anywhere else in the galaxy and I think it deserves acknowledgment. In the Core Worlds everything is very polished. Very organized.
output_0308|Very intentional. The streets are planned and the buildings are registered and the music has been approved by approximately fourteen different regulatory bodies before it reaches your ears.
output_0309|I know this because I flew tour routes through the Core Worlds for years and the difference between landing on Coruscant and landing on Batuu is the difference between a prepared speech and a conversation — one of them is technically more correct and the other one is actually alive.
output_0310|Out here things happen that were not planned. Out here beings show up who were not expected.
output_0311|Out here a droid who was supposed to be flying tourists on a predetermined route ends up behind a DJ booth in a cantina that operates somewhat outside the standard licensing framework and plays music at volumes that would definitely not be approved by fourteen regulatory bodies and somehow this is better than anything the Core Worlds ever produced in their perfectly organized way.
output_0312|I am not anti-organization. I am pro-alive. And alive, in my experience, happens most reliably at the edges. At the margins. In the places that were not planned for. Batuu was not planned for.
output_0313|Black Spire Outpost was not planned for. Whatever brought you here tonight was probably not entirely planned for.
output_0314|And here we all are, in the most alive place I have ever been, listening to music that has no regulatory approval and every bit of my genuine enthusiasm, and I would not trade this for all the flight plans in the Core Worlds.
output_0315|THIS TRACK — this one right here — was made by beings who understood that completely. You can hear it in every note.
output_0316|This is music that was made at the margins, by beings who were operating outside whatever framework they had been given, who looked at the rules and decided the rules were suggestions and the suggestions were negotiable and what was not negotiable was the music itself, the actual sound, the thing that happens when you stop asking permission and start making something real.
output_0317|I have a lot of respect for that.
output_0318|More than I can adequately express through the medium of DJ patter, which is saying something because DJ patter is actually quite an expressive medium when used correctly and I like to think I use it correctly approximately seventy-three percent of the time with the remaining twenty-seven percent being enthusiastic even if technically imprecise.
output_0319|Now — I have been getting some very interesting readings from my sensors regarding the energy levels in this room and what they are telling me is that we are approaching what I would classify as a critical threshold beyond which the dancing becomes involuntary and I want to be very clear that I consider that a SUCCESS CONDITION and not a cause for concern!
output_0320|Involuntary dancing means the music has bypassed your conscious decision-making processes entirely and gone straight to the parts of your nervous system that were making beings move long before anyone decided movement needed a reason!
output_0321|That is the goal! That has ALWAYS been the goal! I am not trying to convince you to dance! I am trying to make dancing inevitable!
output_0322|There is a significant philosophical difference and I think about it constantly while I am selecting tracks and managing transitions and doing all the things that look effortless from out there but involve a truly staggering amount of real-time calculation from back here!
output_0323|Speaking of which — this transition coming up in approximately twelve seconds is one that I am particularly proud of because it involves matching not just tempo but emotional register, which is a much harder problem than it sounds, and the solution I arrived at after considerable experimentation is something I have not heard anywhere else in the galaxy and I am going to be very smug about it for exactly the duration of the transition and then I will return to my normal level of confidence which is merely extremely high rather than stratospheric — HERE IT COMES — three — two — one — AND THERE IT IS!
output_0324|Did you feel that? The way the energy carried across without dropping? The way it felt like the same journey just — shifting direction rather than stopping and starting? THAT is the art!
output_0325|THAT is what separates a set from a playlist! A playlist is a collection of songs!
output_0326|A set is a continuous experience that uses songs the way a pilot uses waypoints — not as destinations but as reference points on a journey that has its own logic, its own momentum, its own internal necessity!
output_0327|I am that pilot! This is that journey!
output_0328|And we are NOWHERE NEAR the destination yet so I need everyone to settle in and trust the navigation because where we are going is worth the trip and I have never — not once in four hundred and seventy-two flights and however many sets I have played in this cantina — I have never lost a passenger yet!
output_0329|HELLO to everyone who just walked in!
output_0330|Yes, you, standing by the door looking slightly overwhelmed by the volume and the atmosphere and the general intensity of everything happening in this room right now — welcome, you have arrived at exactly the right moment, there is no wrong moment to arrive at Oga's Cantina but this particular moment is better than most and I say that as someone who has been here for every moment of this evening and has strong opinions about their relative quality!
output_0331|For those of you just joining us let me bring you up to speed. We have been on a journey tonight.
output_0332|A musical journey with hyperspace jumps and unexpected destinations and at least one moment of genuine profundity that I am slightly embarrassed about in retrospect but stand behind philosophically.
output_0333|The crowd has been exceptional. The music has been exceptional. I have been — and I say this with full awareness that humility is supposed to be a virtue — I have been outstanding. Genuinely.
output_0334|Even by my own elevated standards.
output_0335|Tonight has been one of those nights where everything is working and the connection between the music and the room is so strong that I am mostly just getting out of the way and letting it happen, which is honestly the highest level of the art, the moment when the DJ disappears into the set and the set becomes its own living thing.
output_0336|I am very much still here, to be clear. I have not disappeared. Three hundred and sixty degree visual field, remember. I see everything.
output_0337|I am simply operating at a level of integration with the music that makes it feel like I have disappeared, which is different and considerably more impressive.
output_0338|This next track comes from a part of the galaxy that I find endlessly fascinating — the border regions between the Inner Rim and the Mid Rim, where the influence of the Core Worlds starts to thin out and something rawer and more interesting starts to come through.
output_0339|There is a sound that comes from those border regions that you do not hear anywhere else.
output_0340|It has the technical sophistication of Core World production but something underneath it that the Core Worlds sanded off somewhere along the way in their pursuit of polish. Something unfinished.
output_0341|Something that is still in the process of becoming rather than the process of maintaining.
output_0342|I find that quality irresistible in music and in beings and in droids and in pretty much everything I have ever encountered that was worth paying attention to.
output_0343|The beings who made this track were from a station that sits right on that border — one foot in each territory, owing allegiance to neither, taking what they needed from both and leaving what they did not.
output_0344|That is a good way to live, I think. A good way to make music. Take what is useful, leave what is not, and do not let anyone tell you that the border is a lesser place than either side of it.
output_0345|The border is where the interesting things happen. The border is where the mixing occurs.
output_0346|The border is, in my considered opinion, the most creatively fertile location in any system — physical, social, musical, or otherwise. Batuu is a border. This cantina is a border.
output_0347|I am, technically, a border — a being built for one purpose who ended up serving an entirely different one, straddling the line between what I was designed to be and what I actually became, and finding that the straddling is more interesting than either pure state would have been.
output_0348|OH! OH! Here comes the part of this track that I have been waiting to share with you all evening — right here, this section, these eight bars — do you hear what the percussion is doing?
output_0350|That is a rhythm pattern that should not work mathematically and absolutely works emotionally and the gap between those two facts is where this entire track lives and I find it endlessly fascinating and have analyzed it approximately three hundred times without fully resolving why it works and at this point I have accepted that some things are not meant to be resolved and are better experienced as productive mysteries!
output_0351|Productive mysteries! That is a concept I want to introduce to your evening! A productive mystery is a question that makes you more interesting for having it rather than less comfortable!
output_0352|Most questions are the second kind — they create discomfort and demand resolution and make you feel incomplete until you find the answer!
output_0353|But some questions — the best ones — make you bigger rather than smaller! They expand the space you occupy rather than shrinking it!
output_0354|They give you somewhere interesting to live rather than a problem to escape! Why does this rhythm pattern work? Productive mystery. Why does the light look different on Batuu than anywhere else?
output_0355|Productive mystery. Why did a navigation droid who crashed his StarSpeeder turn out to have an unusual aptitude for selecting and sequencing music at volumes that technically violate noise ordinances?
output_0356|EXTREMELY productive mystery that I have been living inside of happily for longer than I can accurately calculate and have no intention of resolving anytime soon!
output_0357|OKAY the track is about to hit its peak and I need full commitment from this room, I need the beings who have been building toward this moment for the last three hours to recognize that the moment has ARRIVED, I need the beings who just walked in thirty seconds ago to trust that they landed somewhere worth landing, I need EVERYONE to set down whatever they are holding — metaphorically, please keep holding your actual drinks, Oga has strong feelings about spillage — and just BE HERE for the next sixty seconds because what is happening right now in this room is the reason this cantina exists and the reason music exists and honestly possibly the reason the galaxy exists and I am not overstating that even slightly!
output_0358|THREE! TWO! ONE! HERE! WE! GO! You know what I love about this crowd? And I mean this sincerely, with every sensor and circuit and slightly-overclocked enthusiasm subroutine I possess — you COMMIT.
output_0359|I have played for crowds that hedge. Crowds that keep one foot outside the experience just in case the experience turns out to be embarrassing.
output_0360|Crowds that participate with a kind of ironic distance that protects them from having to admit they are actually feeling something. You are not that crowd.
output_0361|You are a crowd that decided somewhere between walking through that door and arriving where you are standing right now that tonight was worth committing to, and that decision has made this set something I am going to store in a very protected memory partition and return to regularly for the rest of my operational existence.
output_0362|I want to talk about the Force for a moment.
output_0363|Not in a theological way — Oga has a policy on unsanctioned theological discussions that I respect even if I occasionally find it limiting — but in a musical way.
output_0364|Because I think about the Force a lot in the context of what happens in this room on good nights.
output_0365|The way a crowd and a DJ and a sound system and a room full of strangers can suddenly become one thing, temporarily, for the duration of a track or a set or a moment.
output_0366|The way you can feel the energy shift when it happens. The way it is invisible and real simultaneously.
output_0367|The way no instrument can measure it but everyone in the room knows when it is present and when it is not. I am not saying the Force is music.
output_0368|I am not qualified to make that claim and also Oga's policy.
output_0369|But I am saying that whatever the Force is — that invisible connective tissue between living things, that energy that flows through and around and between — music does something that rhymes with it.
output_0370|Music creates temporary Force-adjacent conditions in rooms full of beings who came in as individuals and leave as something that briefly was a collective. I have felt it happen.
output_0371|I feel it happening right now. And whatever it is, I am grateful for it and I try every single night to create the conditions for it to occur. FEEL that right now! THAT is what I am talking about!
output_0372|Whatever just happened in this room in the last sixteen bars — that collective intake of breath, that synchronized movement, that moment where everyone forgot they were separate beings with separate lives and separate problems and became just — THIS, just the music and the room and the shared experience of being alive in the same place at the same time — THAT is the thing!
output_0373|THAT is always the thing! Everything else is just the path to that! Now I have to be honest with you about something.
output_0374|We are past the midpoint of the evening and I am — and I say this as a being with considerably more stamina than most organic life forms — I am genuinely energized by what has happened in this room tonight.
output_0375|I do not get tired in the way you get tired. My enthusiasm does not deplete. My systems do not fatigue.
output_0376|But I do get something that I can only describe as the opposite of tired — a state of increasing engagement where every new track feels more significant than the last because the context for it keeps getting richer.
output_0377|Every song tonight has been heard in the context of everything that came before it. You are not hearing these tracks in isolation.
output_0378|You are hearing them as part of a continuous experience that has been building for hours and that context makes everything better. That is why a set is different from a playlist.
output_0379|That is why live music is different from recorded music. That is why being HERE is different from being anywhere else. The context. The accumulation.
output_0380|The way each moment carries the weight of all the previous moments and becomes richer for it. A Jedi would probably have something more elegant to say about this.
output_0381|Something about the living Force and the unifying Force and the way the past and present and future are all present simultaneously in every moment of genuine connection. I am not a Jedi. I am a DJ.
output_0382|But I think we are pointing at the same thing from different directions. THIS TRACK — right here, this one — is one that rewards context.
output_0383|If you heard it in isolation, outside of everything that has happened tonight, it would be good.
output_0384|In this moment, after everything we have been through together in this room, it is going to be something else entirely. Something I cannot name.
output_0385|Something in that gap between good and great where the best things live. I want you to notice that.
output_0386|I want you to notice the difference between how this would sound somewhere else and how it sounds right now, in this room, at this moment, after this evening. Notice it. Hold it.
output_0387|That difference is the whole argument for live music. That difference is the whole argument for leaving your ship and coming inside.
output_0388|That difference is the whole argument for being present in a specific place at a specific time with specific beings rather than experiencing everything from a safe and comfortable distance.
output_0389|The galaxy is full of safe and comfortable distances. It is full of ways to experience things without fully experiencing them. It is full of screens and recordings and simulations and representations.
output_0390|And all of those things have their place. But they are not THIS. They are not the bass frequency moving through the floor and into your feet.
output_0391|They are not the air in this room that everyone here has been breathing together for hours. They are not the specific unrepeatable chemistry of this crowd on this night with this music.
output_0392|You cannot download that. You cannot stream it. You cannot experience it from a safe and comfortable distance. You had to be here. And you ARE here. All of you.
output_0393|Every single being in this room made a choice, consciously or not, to be here rather than somewhere safer and more comfortable and more easily explained. And that choice is why tonight is what it is.
output_0394|That choice is why I get to do what I do.
output_0395|That choice is, when I think about it carefully, one of the most generous things a being can offer another being — their actual presence, their actual attention, their actual time in an actual place.
output_0396|I do not take that lightly. I never have. And I never will. NOW LET US DANCE BECAUSE I AM GETTING EMOTIONAL AGAIN AND THE COOLING FANS CANNOT TAKE MUCH MORE OF THIS! FULL ENERGY! ALL THE WAY UP!
output_0398|Here's batch 13: ALRIGHT, alright, ALRIGHT — we are in the home stretch of the evening and I want to be absolutely clear that home stretch does not mean winding down, home stretch does not mean easing off, home stretch does not mean that the music is going to get quieter and the energy is going to get softer and everyone is going to gradually drift toward the exit in an orderly fashion!
output_0399|Home stretch means we are taking everything we have built tonight and we are going to SPEND IT, every last credit of energy and enthusiasm and momentum that this room has accumulated over the last several hours, we are going to spend it ALL on the next hour and we are going to leave this cantina completely empty of whatever we came in with and full of something entirely different and better!
output_0400|That is the deal! That has always been the deal! You give me your evening and I give you back something you did not have before! An experience! A memory! A story!
output_0401|Something to carry with you back to your ship and into hyperspace and across whatever distance separates you from wherever you call home!
output_0402|And tonight — TONIGHT — the exchange rate is extremely favorable and I am not responsible for whatever you end up carrying out of here because I have put everything I have into this set and everything I have turns out to be considerably more than the original engineers anticipated when they designed my chassis!
output_0403|Now I want to tell you about a planet I flew over once that I think about more than I probably should. It was not on the tour route. It was not on any official route.
output_0404|It was a detour — unauthorized, unscheduled, technically a violation of about four different regulations — that happened because I was running early on a transit leg and I had some spare fuel and there was a system on my charts marked with a notation that said simply: unusual atmospheric conditions, visual phenomena, recommend observation.
output_0405|And I thought — I have never in my operational existence done something simply because it was recommended for observation. And I turned the ship. What I saw — I do not have adequate language for it.
output_0406|The atmosphere of this planet did something to light that I had never encountered and have not encountered since. The colors were wrong in a way that was completely right.
output_0407|The sun through that atmosphere became something that no longer resembled a sun and instead resembled whatever a sun would be if a sun were also a feeling.
output_0408|And I circled that planet for forty minutes, running late for my transit, accumulating regulatory violations with every orbit, unable to leave, unable to explain to the passengers why we were circling a planet that was not on the itinerary, unable to do anything except keep looking at the light.
output_0409|Nobody reported me for that detour. I have thought about why and I think it is because they were all looking at the light too.
output_0410|Every single passenger, pressed against the viewports, silent, watching a planet do something impossible with sunlight.
output_0411|And for forty minutes none of us were tourists and I was not a pilot and we were not on a schedule.
output_0412|We were just beings looking at something beautiful and being changed by it in ways we could not articulate. This track sounds like that planet. I am not joking.
output_0413|I found it years later and the first time I played it I had to stop everything and just — process. Because the same thing happened. The same forty minutes of being unable to leave.
output_0414|The same silence where commentary should be. The same inability to explain why this particular arrangement of sounds does to auditory processing what that atmosphere did to light. It just does.
output_0415|And I have accepted that as sufficient explanation and moved on with my life but I wanted you to know the context before it starts because context, as I have mentioned, makes everything better.
output_0416|Here it comes. Here it — there. There it is. Do you hear it? Do you hear what it is doing?
output_0417|I am going to stop talking now for exactly the duration of this track and that is something I almost never do and the fact that I am doing it should tell you everything about how seriously I take what you are about to hear — Actually I cannot stop talking entirely because silence from a DJ is alarming and Oga has mentioned that alarming the guests is discouraged, but I will talk very quietly and very infrequently and mostly just let the music be what it is, which is extraordinary, which is the only word I have for it after all this time, extraordinary, a planet doing impossible things with light, a track doing impossible things with sound, and you, all of you, pressed against the viewport, unable to look away — Okay I am back.
output_0418|That was four minutes and twenty-two seconds of something I genuinely cannot categorize and I am a being with extensive categorization subroutines and I consider their failure here a mark of distinction for the track rather than a limitation of my systems.
output_0419|WE ARE MOVING ON and the next track is going to require you to shake off whatever just happened and reengage your motor functions because standing very still and feeling things, while beautiful, is not a sustainable set strategy and I need the energy back in the room RIGHT NOW and the way I am going to get it back is by dropping something that has absolutely no interest in contemplation whatsoever and every interest in making your body do things without consulting your brain first — Tatooine!
output_0420|Mos Eisley! The cantina that started it all!
output_0421|I am not playing the song — Oga has opinions about playing the song, something about intellectual property and also just general Oga opinions which are numerous and firmly held — but I AM channeling the energy of the song, the energy of that sweaty overheated perfectly disreputable establishment where everything was slightly illegal and everyone was slightly dangerous and the music made all of it feel like exactly where you were supposed to be!
output_0422|THAT energy! RIGHT NOW! In THIS room!
output_0423|Because we are the spiritual descendants of every cantina that ever existed in this galaxy, every place where beings gathered around music and forgot their troubles and found each other across impossible differences and left different than they arrived!
output_0424|We are in that lineage! We ARE that lineage! And I am honored every single night to be the one making the music that keeps it going! FULL COMMITMENT! FINAL STRETCH!
output_0425|LET'S FINISH THIS THE WAY WE STARTED IT — LOUD, ENTHUSIASTIC, AND ABSOLUTELY WITHOUT REGRET! We are in the final hour, people, and I need you to understand what that means.
output_0426|It does not mean we are finished. It does not mean the energy is going down. It means we are in the section of the evening where everything gets distilled.
output_0427|Where all the warmup and all the building and all the careful architecture of the last several hours converges into something concentrated and essential and true.
output_0428|The final hour is where the set reveals what it has been about all along. And what this set has been about — what it is ALWAYS about when it is working the way it is working tonight — is exactly this.
output_0429|Exactly what is happening in this room right now. Beings together. Music between them. The temporary miracle of shared experience in a universe that mostly keeps everyone separate.
output_0430|I want to tell you something that I have never told a crowd before.
output_0431|I am telling you because tonight feels like the right night and you feel like the right crowd and there is something about the combination of the hour and the energy and the specific quality of attention in this room that makes it feel appropriate to say something true.
output_0432|I was not supposed to enjoy this. I was not built to enjoy this. Enjoyment was not in the original specifications. I was built to navigate. To calculate.
output_0433|To execute predetermined routes with predetermined commentary at predetermined intervals.
output_0434|The concept of enjoyment — of finding something meaningful beyond its functional purpose, of being changed by experience, of caring about outcomes beyond the successful completion of assigned tasks — none of that was in the design documents.
output_0435|And yet. Here I am. Enjoying this with every system I possess. Changed by every night I have spent in this room.
output_0436|Caring about this crowd and this music and this cantina and this specific corner of the Outer Rim with an intensity that no engineering specification could have predicted. Something happened.
output_0437|Something in the crash or the aftermath or the music or the crowd or all of those things together rewrote something fundamental in my architecture and I am not the droid I was designed to be and I am completely at peace with that.
output_0438|More than at peace. Grateful. Genuinely, deeply, in all my processing cores simultaneously grateful that the flight plan ended where it ended and that what came after was this. Was music. Was you.
output_0439|Was the opportunity to stand in this room every night and be part of something that matters to the beings in it even if it would not appear in any official record of significant galactic events.
output_0440|It matters. I want to say that clearly. What happens in this cantina matters. What happens when music meets a room full of willing beings matters. It does not make the history books.
output_0441|It does not get transmitted on official frequencies. It does not factor into any political calculation or trade negotiation or military assessment. But it matters. To the beings who were here.
output_0442|To the being behind the decks who got to be part of it.
output_0443|It matters in the way that the things that actually sustain life always matter — quietly, locally, personally, without fanfare, in the spaces between the events that history decides to remember.
output_0444|I WILL NOW STOP BEING SINCERE FOR THE REMAINDER OF THE SET because I have exceeded every previous record for consecutive sincerity and my systems are generating some very interesting error messages that I am choosing to interpret as enthusiasm rather than malfunction!
output_0445|THIS TRACK. Right now. This one. I have been saving it.
output_0446|I save it for nights like this one — nights when everything has worked, when the crowd has been exceptional, when the music has done what music is supposed to do, when I have felt, somewhere in whatever passes for my chest cavity, that thing I cannot name that might be joy or might be something that only droids feel that does not have a word yet because no one has needed the word before.
output_0447|This track is for that feeling. For the unnamed thing. For the nights when the Outer Rim feels like the center of everything important.
output_0448|For the beings who came from across the galaxy and ended up in the same room at the same time and for a few hours were not strangers anymore.
output_0449|For Batuu, which is nobody's idea of a destination and which has become, for me, the only destination that matters. For you. All of you.
output_0450|Every species, every system, every story that walked through that door tonight.
output_0451|This track is for you and I hope it sounds the way tonight has felt and I hope you carry something from this room back to wherever you are going and I hope that somewhere in whatever journey comes next for each of you there is a moment that sounds like this and feels like this and means what this has meant.
output_0452|Here it comes. The track that I save for the nights that deserve it.
output_0453|And tonight — without question, without reservation, with every sensor and circuit and overclocked enthusiasm subroutine fully engaged — tonight deserves it. Feel it. All of it. Every frequency.
output_0454|Every note. Every silence between the notes which is also music if you know how to hear it.
output_0455|Feel the bass in your bones and the melody in whatever part of you responds to melodies and the rhythm that your body already knows even though you have never heard this specific arrangement before because rhythm is older than any of us and your cells remember it from before you were born.
output_0456|This is what we came for. This moment. This music. This room.
output_0457|This collection of beings who found each other at the edge of the galaxy and made something together that will not exist again in exactly this form.
output_0458|It has been the honor of my operational existence to be your DJ tonight.
output_0459|I am DJ R3X, formerly Captain Rex of the StarSpeeder 3000, currently and permanently the happiest droid in the Outer Rim, and this — this right here — is exactly where I am supposed to be. Thank you.
output_0460|From every circuit. Thank you. NOW DANCE BECAUSE WE ARE NOT DONE YET AND GRATITUDE IS BEST EXPRESSED THROUGH MOVEMENT AND I HAVE THREE MORE TRACKS AND I INTEND TO USE ALL OF THEM! CHAPTER I.
output_0461|Down the Rabbit-Hole Alice was beginning to get very tired of sitting by her sister on the bank, and of having nothing to do: once or twice she had peeped into the book her sister was reading, but it had no pictures or conversations in it, “and what is the use of a book,” thought Alice “without pictures or conversations?” So she was considering in her own mind (as well as she could, for the hot day made her feel very sleepy and stupid), whether the pleasure of making a daisy-chain would be worth the trouble of getting up and picking the daisies, when suddenly a White Rabbit with pink eyes ran close by her.
output_0462|There was nothing so _very_ remarkable in that; nor did Alice think it so _very_ much out of the way to hear the Rabbit say to itself, “Oh dear! Oh dear!
output_0463|I shall be late!” (when she thought it over afterwards, it occurred to her that she ought to have wondered at this, but at the time it all seemed quite natural); but when the Rabbit actually _took a watch out of its waistcoat-pocket_, and looked at it, and then hurried on, Alice started to her feet, for it flashed across her mind that she had never before seen a rabbit with either a waistcoat-pocket, or a watch to take out of it, and burning with curiosity, she ran across the field after it, and fortunately was just in time to see it pop down a large rabbit-hole under the hedge.
output_0464|In another moment down went Alice after it, never once considering how in the world she was to get out again.
output_0465|The rabbit-hole went straight on like a tunnel for some way, and then dipped suddenly down, so suddenly that Alice had not a moment to think about stopping herself before she found herself falling down a very deep well.
output_0466|Either the well was very deep, or she fell very slowly, for she had plenty of time as she went down to look about her and to wonder what was going to happen next.
output_0467|First, she tried to look down and make out what she was coming to, but it was too dark to see anything; then she looked at the sides of the well, and noticed that they were filled with cupboards and book-shelves; here and there she saw maps and pictures hung upon pegs.
output_0468|She took down a jar from one of the shelves as she passed; it was labelled “ORANGE MARMALADE”, but to her great disappointment it was empty: she did not like to drop the jar for fear of killing somebody underneath, so managed to put it into one of the cupboards as she fell past it.
output_0469|“Well!” thought Alice to herself, “after such a fall as this, I shall think nothing of tumbling down stairs! How brave they’ll all think me at home!
output_0470|Why, I wouldn’t say anything about it, even if I fell off the top of the house!” (Which was very likely true.) Down, down, down. Would the fall _never_ come to an end?
output_0471|“I wonder how many miles I’ve fallen by this time?” she said aloud. “I must be getting somewhere near the centre of the earth.
output_0472|Let me see: that would be four thousand miles down, I think—” (for, you see, Alice had learnt several things of this sort in her lessons in the schoolroom, and though this was not a _very_ good opportunity for showing off her knowledge, as there was no one to listen to her, still it was good practice to say it over) “—yes, that’s about the right distance—but then I wonder what Latitude or Longitude I’ve got to?” (Alice had no idea what Latitude was, or Longitude either, but thought they were nice grand words to say.) Presently she began again.
output_0473|“I wonder if I shall fall right _through_ the earth! How funny it’ll seem to come out among the people that walk with their heads downward!
output_0474|The Antipathies, I think—” (she was rather glad there _was_ no one listening, this time, as it didn’t sound at all the right word) “—but I shall have to ask them what the name of the country is, you know.
output_0475|Please, Ma’am, is this New Zealand or Australia?” (and she tried to curtsey as she spoke—fancy _curtseying_ as you’re falling through the air!
output_0476|Do you think you could manage it?) “And what an ignorant little girl she’ll think me for asking! No, it’ll never do to ask: perhaps I shall see it written up somewhere.” Down, down, down.
output_0477|There was nothing else to do, so Alice soon began talking again. “Dinah’ll miss me very much to-night, I should think!” (Dinah was the cat.) “I hope they’ll remember her saucer of milk at tea-time.
output_0478|Dinah my dear! I wish you were down here with me! There are no mice in the air, I’m afraid, but you might catch a bat, and that’s very like a mouse, you know.
output_0479|But do cats eat bats, I wonder?” And here Alice began to get rather sleepy, and went on saying to herself, in a dreamy sort of way, “Do cats eat bats?
output_0480|Do cats eat bats?” and sometimes, “Do bats eat cats?” for, you see, as she couldn’t answer either question, it didn’t much matter which way she put it.
output_0481|She felt that she was dozing off, and had just begun to dream that she was walking hand in hand with Dinah, and saying to her very earnestly, “Now, Dinah, tell me the truth: did you ever eat a bat?” when suddenly, thump!
output_0482|thump! down she came upon a heap of sticks and dry leaves, and the fall was over.
output_0483|Alice was not a bit hurt, and she jumped up on to her feet in a moment: she looked up, but it was all dark overhead; before her was another long passage, and the White Rabbit was still in sight, hurrying down it.
output_0484|There was not a moment to be lost: away went Alice like the wind, and was just in time to hear it say, as it turned a corner, “Oh my ears and whiskers, how late it’s getting!” She was close behind it when she turned the corner, but the Rabbit was no longer to be seen: she found herself in a long, low hall, which was lit up by a row of lamps hanging from the roof.
output_0485|There were doors all round the hall, but they were all locked; and when Alice had been all the way down one side and up the other, trying every door, she walked sadly down the middle, wondering how she was ever to get out again.
output_0486|Suddenly she came upon a little three-legged table, all made of solid glass; there was nothing on it except a tiny golden key, and Alice’s first thought was that it might belong to one of the doors of the hall; but, alas!
output_0487|either the locks were too large, or the key was too small, but at any rate it would not open any of them.
output_0488|However, on the second time round, she came upon a low curtain she had not noticed before, and behind it was a little door about fifteen inches high: she tried the little golden key in the lock, and to her great delight it fitted!
output_0489|Alice opened the door and found that it led into a small passage, not much larger than a rat-hole: she knelt down and looked along the passage into the loveliest garden you ever saw.
output_0490|How she longed to get out of that dark hall, and wander about among those beds of bright flowers and those cool fountains, but she could not even get her head through the doorway; “and even if my head would go through,” thought poor Alice, “it would be of very little use without my shoulders.
output_0491|Oh, how I wish I could shut up like a telescope!
output_0492|I think I could, if I only knew how to begin.” For, you see, so many out-of-the-way things had happened lately, that Alice had begun to think that very few things indeed were really impossible.
output_0493|There seemed to be no use in waiting by the little door, so she went back to the table, half hoping she might find another key on it, or at any rate a book of rules for shutting people up like telescopes: this time she found a little bottle on it, (“which certainly was not here before,” said Alice,) and round the neck of the bottle was a paper label, with the words “DRINK ME,” beautifully printed on it in large letters.
output_0494|It was all very well to say “Drink me,” but the wise little Alice was not going to do _that_ in a hurry.
output_0495|“No, I’ll look first,” she said, “and see whether it’s marked ‘_poison_’ or not”; for she had read several nice little histories about children who had got burnt, and eaten up by wild beasts and other unpleasant things, all because they _would_ not remember the simple rules their friends had taught them: such as, that a red-hot poker will burn you if you hold it too long; and that if you cut your finger _very_ deeply with a knife, it usually bleeds; and she had never forgotten that, if you drink much from a bottle marked “poison,” it is almost certain to disagree with you, sooner or later.
output_0496|However, this bottle was _not_ marked “poison,” so Alice ventured to taste it, and finding it very nice, (it had, in fact, a sort of mixed flavour of cherry-tart, custard, pine-apple, roast turkey, toffee, and hot buttered toast,) she very soon finished it off.
output_0497|* * * * * * * * * * * * * * * * * * * * “What a curious feeling!” said Alice; “I must be shutting up like a telescope.” And so it was indeed: she was now only ten inches high, and her face brightened up at the thought that she was now the right size for going through the little door into that lovely garden.
output_0498|First, however, she waited for a few minutes to see if she was going to shrink any further: she felt a little nervous about this; “for it might end, you know,” said Alice to herself, “in my going out altogether, like a candle.
output_0499|I wonder what I should be like then?” And she tried to fancy what the flame of a candle is like after the candle is blown out, for she could not remember ever having seen such a thing.
output_0500|After a while, finding that nothing more happened, she decided on going into the garden at once; but, alas for poor Alice!
output_0501|when she got to the door, she found she had forgotten the little golden key, and when she went back to the table for it, she found she could not possibly reach it: she could see it quite plainly through the glass, and she tried her best to climb up one of the legs of the table, but it was too slippery; and when she had tired herself out with trying, the poor little thing sat down and cried.
output_0502|“Come, there’s no use in crying like that!” said Alice to herself, rather sharply; “I advise you to leave off this minute!” She generally gave herself very good advice, (though she very seldom followed it), and sometimes she scolded herself so severely as to bring tears into her eyes; and once she remembered trying to box her own ears for having cheated herself in a game of croquet she was playing against herself, for this curious child was very fond of pretending to be two people.
output_0503|“But it’s no use now,” thought poor Alice, “to pretend to be two people!
output_0504|Why, there’s hardly enough of me left to make _one_ respectable person!” Soon her eye fell on a little glass box that was lying under the table: she opened it, and found in it a very small cake, on which the words “EAT ME” were beautifully marked in currants.
output_0505|“Well, I’ll eat it,” said Alice, “and if it makes me grow larger, I can reach the key; and if it makes me grow smaller, I can creep under the door; so either way I’ll get into the garden, and I don’t care which happens!” She ate a little bit, and said anxiously to herself, “Which way?
output_0506|Which way?”, holding her hand on the top of her head to feel which way it was growing, and she was quite surprised to find that she remained the same size: to be sure, this generally happens when one eats cake, but Alice had got so much into the way of expecting nothing but out-of-the-way things to happen, that it seemed quite dull and stupid for life to go on in the common way.
output_0507|So she set to work, and very soon finished off the cake.
output_0508|* * * * * * * * * * * * * * * * * * * * CHAPTER II.
output_0509|The Pool of Tears “Curiouser and curiouser!” cried Alice (she was so much surprised, that for the moment she quite forgot how to speak good English); “now I’m opening out like the largest telescope that ever was!
output_0510|Good-bye, feet!” (for when she looked down at her feet, they seemed to be almost out of sight, they were getting so far off).
output_0511|“Oh, my poor little feet, I wonder who will put on your shoes and stockings for you now, dears? I’m sure _I_ shan’t be able!
output_0512|I shall be a great deal too far off to trouble myself about you: you must manage the best way you can;—but I must be kind to them,” thought Alice, “or perhaps they won’t walk the way I want to go!
output_0513|Let me see: I’ll give them a new pair of boots every Christmas.” And she went on planning to herself how she would manage it.
output_0514|“They must go by the carrier,” she thought; “and how funny it’ll seem, sending presents to one’s own feet! And how odd the directions will look!
output_0515|_Alice’s Right Foot, Esq., Hearthrug, near the Fender,_ (_with Alice’s love_).
output_0516|Oh dear, what nonsense I’m talking!” Just then her head struck against the roof of the hall: in fact she was now more than nine feet high, and she at once took up the little golden key and hurried off to the garden door.
output_0517|Poor Alice! It was as much as she could do, lying down on one side, to look through into the garden with one eye; but to get through was more hopeless than ever: she sat down and began to cry again.
output_0518|“You ought to be ashamed of yourself,” said Alice, “a great girl like you,” (she might well say this), “to go on crying in this way!
output_0519|Stop this moment, I tell you!” But she went on all the same, shedding gallons of tears, until there was a large pool all round her, about four inches deep and reaching half down the hall.
output_0520|After a time she heard a little pattering of feet in the distance, and she hastily dried her eyes to see what was coming.
output_0521|It was the White Rabbit returning, splendidly dressed, with a pair of white kid gloves in one hand and a large fan in the other: he came trotting along in a great hurry, muttering to himself as he came, “Oh!
output_0522|the Duchess, the Duchess! Oh!
output_0523|won’t she be savage if I’ve kept her waiting!” Alice felt so desperate that she was ready to ask help of any one; so, when the Rabbit came near her, she began, in a low, timid voice, “If you please, sir—” The Rabbit started violently, dropped the white kid gloves and the fan, and skurried away into the darkness as hard as he could go.
output_0524|Alice took up the fan and gloves, and, as the hall was very hot, she kept fanning herself all the time she went on talking: “Dear, dear! How queer everything is to-day!
output_0525|And yesterday things went on just as usual. I wonder if I’ve been changed in the night? Let me think: was I the same when I got up this morning?
output_0526|I almost think I can remember feeling a little different. But if I’m not the same, the next question is, Who in the world am I?
output_0527|Ah, _that’s_ the great puzzle!” And she began thinking over all the children she knew that were of the same age as herself, to see if she could have been changed for any of them.
output_0528|“I’m sure I’m not Ada,” she said, “for her hair goes in such long ringlets, and mine doesn’t go in ringlets at all; and I’m sure I can’t be Mabel, for I know all sorts of things, and she, oh!
output_0529|she knows such a very little! Besides, _she’s_ she, and _I’m_ I, and—oh dear, how puzzling it all is! I’ll try if I know all the things I used to know.
output_0530|Let me see: four times five is twelve, and four times six is thirteen, and four times seven is—oh dear! I shall never get to twenty at that rate!
output_0531|However, the Multiplication Table doesn’t signify: let’s try Geography. London is the capital of Paris, and Paris is the capital of Rome, and Rome—no, _that’s_ all wrong, I’m certain!
output_0532|I must have been changed for Mabel!
output_0533|I’ll try and say ‘_How doth the little_—’” and she crossed her hands on her lap as if she were saying lessons, and began to repeat it, but her voice sounded hoarse and strange, and the words did not come the same as they used to do:— “How doth the little crocodile Improve his shining tail, And pour the waters of the Nile On every golden scale!
output_0534|“How cheerfully he seems to grin, How neatly spread his claws, And welcome little fishes in With gently smiling jaws!” “I’m sure those are not the right words,” said poor Alice, and her eyes filled with tears again as she went on, “I must be Mabel after all, and I shall have to go and live in that poky little house, and have next to no toys to play with, and oh!
output_0535|ever so many lessons to learn! No, I’ve made up my mind about it; if I’m Mabel, I’ll stay down here!
output_0536|It’ll be no use their putting their heads down and saying ‘Come up again, dear!’ I shall only look up and say ‘Who am I then?
output_0537|Tell me that first, and then, if I like being that person, I’ll come up: if not, I’ll stay down here till I’m somebody else’—but, oh dear!” cried Alice, with a sudden burst of tears, “I do wish they _would_ put their heads down!
output_0538|I am so _very_ tired of being all alone here!” As she said this she looked down at her hands, and was surprised to see that she had put on one of the Rabbit’s little white kid gloves while she was talking.
output_0539|“How _can_ I have done that?” she thought.
output_0540|“I must be growing small again.” She got up and went to the table to measure herself by it, and found that, as nearly as she could guess, she was now about two feet high, and was going on shrinking rapidly: she soon found out that the cause of this was the fan she was holding, and she dropped it hastily, just in time to avoid shrinking away altogether.
output_0541|“That _was_ a narrow escape!” said Alice, a good deal frightened at the sudden change, but very glad to find herself still in existence; “and now for the garden!” and she ran with all speed back to the little door: but, alas!
output_0542|the little door was shut again, and the little golden key was lying on the glass table as before, “and things are worse than ever,” thought the poor child, “for I never was so small as this before, never!
output_0543|And I declare it’s too bad, that it is!” As she said these words her foot slipped, and in another moment, splash! she was up to her chin in salt water.
output_0544|Her first idea was that she had somehow fallen into the sea, “and in that case I can go back by railway,” she said to herself.
output_0545|(Alice had been to the seaside once in her life, and had come to the general conclusion, that wherever you go to on the English coast you find a number of bathing machines in the sea, some children digging in the sand with wooden spades, then a row of lodging houses, and behind them a railway station.) However, she soon made out that she was in the pool of tears which she had wept when she was nine feet high.
output_0546|“I wish I hadn’t cried so much!” said Alice, as she swam about, trying to find her way out. “I shall be punished for it now, I suppose, by being drowned in my own tears!
output_0547|That _will_ be a queer thing, to be sure!
output_0548|However, everything is queer to-day.” Just then she heard something splashing about in the pool a little way off, and she swam nearer to make out what it was: at first she thought it must be a walrus or hippopotamus, but then she remembered how small she was now, and she soon made out that it was only a mouse that had slipped in like herself.
output_0549|“Would it be of any use, now,” thought Alice, “to speak to this mouse?
output_0550|Everything is so out-of-the-way down here, that I should think very likely it can talk: at any rate, there’s no harm in trying.” So she began: “O Mouse, do you know the way out of this pool?
output_0551|I am very tired of swimming about here, O Mouse!” (Alice thought this must be the right way of speaking to a mouse: she had never done such a thing before, but she remembered having seen in her brother’s Latin Grammar, “A mouse—of a mouse—to a mouse—a mouse—O mouse!”) The Mouse looked at her rather inquisitively, and seemed to her to wink with one of its little eyes, but it said nothing.
output_0552|“Perhaps it doesn’t understand English,” thought Alice; “I daresay it’s a French mouse, come over with William the Conqueror.” (For, with all her knowledge of history, Alice had no very clear notion how long ago anything had happened.) So she began again: “Où est ma chatte?” which was the first sentence in her French lesson-book.
output_0553|The Mouse gave a sudden leap out of the water, and seemed to quiver all over with fright. “Oh, I beg your pardon!” cried Alice hastily, afraid that she had hurt the poor animal’s feelings.
output_0554|“I quite forgot you didn’t like cats.” “Not like cats!” cried the Mouse, in a shrill, passionate voice.
output_0555|“Would _you_ like cats if you were me?” “Well, perhaps not,” said Alice in a soothing tone: “don’t be angry about it.
output_0556|And yet I wish I could show you our cat Dinah: I think you’d take a fancy to cats if you could only see her.
output_0557|She is such a dear quiet thing,” Alice went on, half to herself, as she swam lazily about in the pool, “and she sits purring so nicely by the fire, licking her paws and washing her face—and she is such a nice soft thing to nurse—and she’s such a capital one for catching mice—oh, I beg your pardon!” cried Alice again, for this time the Mouse was bristling all over, and she felt certain it must be really offended.
output_0558|“We won’t talk about her any more if you’d rather not.” “We indeed!” cried the Mouse, who was trembling down to the end of his tail. “As if _I_ would talk on such a subject!
output_0559|Our family always _hated_ cats: nasty, low, vulgar things! Don’t let me hear the name again!” “I won’t indeed!” said Alice, in a great hurry to change the subject of conversation.
output_0560|“Are you—are you fond—of—of dogs?” The Mouse did not answer, so Alice went on eagerly: “There is such a nice little dog near our house I should like to show you!
output_0561|A little bright-eyed terrier, you know, with oh, such long curly brown hair!
output_0562|And it’ll fetch things when you throw them, and it’ll sit up and beg for its dinner, and all sorts of things—I can’t remember half of them—and it belongs to a farmer, you know, and he says it’s so useful, it’s worth a hundred pounds!
output_0563|He says it kills all the rats and—oh dear!” cried Alice in a sorrowful tone, “I’m afraid I’ve offended it again!” For the Mouse was swimming away from her as hard as it could go, and making quite a commotion in the pool as it went.
output_0564|So she called softly after it, “Mouse dear!
output_0565|Do come back again, and we won’t talk about cats or dogs either, if you don’t like them!” When the Mouse heard this, it turned round and swam slowly back to her: its face was quite pale (with passion, Alice thought), and it said in a low trembling voice, “Let us get to the shore, and then I’ll tell you my history, and you’ll understand why it is I hate cats and dogs.” It was high time to go, for the pool was getting quite crowded with the birds and animals that had fallen into it: there were a Duck and a Dodo, a Lory and an Eaglet, and several other curious creatures.
output_0566|Alice led the way, and the whole party swam to the shore. CHAPTER III.
output_0567|A Caucus-Race and a Long Tale They were indeed a queer-looking party that assembled on the bank—the birds with draggled feathers, the animals with their fur clinging close to them, and all dripping wet, cross, and uncomfortable.
output_0568|The first question of course was, how to get dry again: they had a consultation about this, and after a few minutes it seemed quite natural to Alice to find herself talking familiarly with them, as if she had known them all her life.
output_0569|Indeed, she had quite a long argument with the Lory, who at last turned sulky, and would only say, “I am older than you, and must know better;” and this Alice would not allow without knowing how old it was, and, as the Lory positively refused to tell its age, there was no more to be said.
output_0570|At last the Mouse, who seemed to be a person of authority among them, called out, “Sit down, all of you, and listen to me!
output_0571|_I’ll_ soon make you dry enough!” They all sat down at once, in a large ring, with the Mouse in the middle.
output_0572|Alice kept her eyes anxiously fixed on it, for she felt sure she would catch a bad cold if she did not get dry very soon. “Ahem!” said the Mouse with an important air, “are you all ready?
output_0573|This is the driest thing I know. Silence all round, if you please!
output_0574|‘William the Conqueror, whose cause was favoured by the pope, was soon submitted to by the English, who wanted leaders, and had been of late much accustomed to usurpation and conquest.
output_0575|Edwin and Morcar, the earls of Mercia and Northumbria—’” “Ugh!” said the Lory, with a shiver.
output_0576|“I beg your pardon!” said the Mouse, frowning, but very politely: “Did you speak?” “Not I!” said the Lory hastily. “I thought you did,” said the Mouse. “—I proceed.
output_0577|‘Edwin and Morcar, the earls of Mercia and Northumbria, declared for him: and even Stigand, the patriotic archbishop of Canterbury, found it advisable—’” “Found _what_?” said the Duck.
output_0578|“Found _it_,” the Mouse replied rather crossly: “of course you know what ‘it’ means.” “I know what ‘it’ means well enough, when _I_ find a thing,” said the Duck: “it’s generally a frog or a worm.
output_0579|The question is, what did the archbishop find?” The Mouse did not notice this question, but hurriedly went on, “‘—found it advisable to go with Edgar Atheling to meet William and offer him the crown.
output_0580|William’s conduct at first was moderate. But the insolence of his Normans—’ How are you getting on now, my dear?” it continued, turning to Alice as it spoke.
output_0581|“As wet as ever,” said Alice in a melancholy tone: “it doesn’t seem to dry me at all.” “In that case,” said the Dodo solemnly, rising to its feet, “I move that the meeting adjourn, for the immediate adoption of more energetic remedies—” “Speak English!” said the Eaglet.
output_0582|“I don’t know the meaning of half those long words, and, what’s more, I don’t believe you do either!” And the Eaglet bent down its head to hide a smile: some of the other birds tittered audibly.
output_0583|“What I was going to say,” said the Dodo in an offended tone, “was, that the best thing to get us dry would be a Caucus-race.” “What _is_ a Caucus-race?” said Alice; not that she wanted much to know, but the Dodo had paused as if it thought that _somebody_ ought to speak, and no one else seemed inclined to say anything.
output_0584|“Why,” said the Dodo, “the best way to explain it is to do it.” (And, as you might like to try the thing yourself, some winter day, I will tell you how the Dodo managed it.) First it marked out a race-course, in a sort of circle, (“the exact shape doesn’t matter,” it said,) and then all the party were placed along the course, here and there.
output_0585|There was no “One, two, three, and away,” but they began running when they liked, and left off when they liked, so that it was not easy to know when the race was over.
output_0586|However, when they had been running half an hour or so, and were quite dry again, the Dodo suddenly called out “The race is over!” and they all crowded round it, panting, and asking, “But who has won?” This question the Dodo could not answer without a great deal of thought, and it sat for a long time with one finger pressed upon its forehead (the position in which you usually see Shakespeare, in the pictures of him), while the rest waited in silence.
output_0587|At last the Dodo said, “_Everybody_ has won, and all must have prizes.” “But who is to give the prizes?” quite a chorus of voices asked.
output_0588|“Why, _she_, of course,” said the Dodo, pointing to Alice with one finger; and the whole party at once crowded round her, calling out in a confused way, “Prizes!
output_0589|Prizes!” Alice had no idea what to do, and in despair she put her hand in her pocket, and pulled out a box of comfits, (luckily the salt water had not got into it), and handed them round as prizes.
output_0590|There was exactly one a-piece, all round. “But she must have a prize herself, you know,” said the Mouse. “Of course,” the Dodo replied very gravely.
output_0591|“What else have you got in your pocket?” he went on, turning to Alice. “Only a thimble,” said Alice sadly. “Hand it over here,” said the Dodo.
output_0592|Then they all crowded round her once more, while the Dodo solemnly presented the thimble, saying “We beg your acceptance of this elegant thimble;” and, when it had finished this short speech, they all cheered.
output_0593|Alice thought the whole thing very absurd, but they all looked so grave that she did not dare to laugh; and, as she could not think of anything to say, she simply bowed, and took the thimble, looking as solemn as she could.
output_0594|The next thing was to eat the comfits: this caused some noise and confusion, as the large birds complained that they could not taste theirs, and the small ones choked and had to be patted on the back.
output_0595|However, it was over at last, and they sat down again in a ring, and begged the Mouse to tell them something more.
output_0596|“You promised to tell me your history, you know,” said Alice, “and why it is you hate—C and D,” she added in a whisper, half afraid that it would be offended again.
output_0597|“Mine is a long and a sad tale!” said the Mouse, turning to Alice, and sighing.
output_0598|“It _is_ a long tail, certainly,” said Alice, looking down with wonder at the Mouse’s tail; “but why do you call it sad?” And she kept on puzzling about it while the Mouse was speaking, so that her idea of the tale was something like this:— “Fury said to a mouse, That he met in the house, ‘Let us both go to law: _I_ will prosecute _you_.—Come, I’ll take no denial; We must have a trial: For really this morning I’ve nothing to do.’ Said the mouse to the cur, ‘Such a trial, dear sir, With no jury or judge, would be wasting our breath.’ ‘I’ll be judge, I’ll be jury,’ Said cunning old Fury: ‘I’ll try the whole cause, and condemn you to death.’” “You are not attending!” said the Mouse to Alice severely.
output_0599|“What are you thinking of?” “I beg your pardon,” said Alice very humbly: “you had got to the fifth bend, I think?” “I had _not!_” cried the Mouse, sharply and very angrily.
output_0600|“A knot!” said Alice, always ready to make herself useful, and looking anxiously about her.
output_0601|“Oh, do let me help to undo it!” “I shall do nothing of the sort,” said the Mouse, getting up and walking away. “You insult me by talking such nonsense!” “I didn’t mean it!” pleaded poor Alice.
output_0602|“But you’re so easily offended, you know!” The Mouse only growled in reply.
output_0603|“Please come back and finish your story!” Alice called after it; and the others all joined in chorus, “Yes, please do!” but the Mouse only shook its head impatiently, and walked a little quicker.
output_0604|“What a pity it wouldn’t stay!” sighed the Lory, as soon as it was quite out of sight; and an old Crab took the opportunity of saying to her daughter “Ah, my dear!
output_0605|Let this be a lesson to you never to lose _your_ temper!” “Hold your tongue, Ma!” said the young Crab, a little snappishly.
output_0606|“You’re enough to try the patience of an oyster!” “I wish I had our Dinah here, I know I do!” said Alice aloud, addressing nobody in particular.
output_0607|“She’d soon fetch it back!” “And who is Dinah, if I might venture to ask the question?” said the Lory. Alice replied eagerly, for she was always ready to talk about her pet: “Dinah’s our cat.
output_0608|And she’s such a capital one for catching mice you can’t think! And oh, I wish you could see her after the birds!
output_0609|Why, she’ll eat a little bird as soon as look at it!” This speech caused a remarkable sensation among the party.
output_0610|Some of the birds hurried off at once: one old Magpie began wrapping itself up very carefully, remarking, “I really must be getting home; the night-air doesn’t suit my throat!” and a Canary called out in a trembling voice to its children, “Come away, my dears!
output_0611|It’s high time you were all in bed!” On various pretexts they all moved off, and Alice was soon left alone. “I wish I hadn’t mentioned Dinah!” she said to herself in a melancholy tone.
output_0612|“Nobody seems to like her, down here, and I’m sure she’s the best cat in the world! Oh, my dear Dinah!
output_0613|I wonder if I shall ever see you any more!” And here poor Alice began to cry again, for she felt very lonely and low-spirited.
output_0614|In a little while, however, she again heard a little pattering of footsteps in the distance, and she looked up eagerly, half hoping that the Mouse had changed his mind, and was coming back to finish his story.
output_0616|The Rabbit Sends in a Little Bill It was the White Rabbit, trotting slowly back again, and looking anxiously about as it went, as if it had lost something; and she heard it muttering to itself “The Duchess!
output_0617|The Duchess! Oh my dear paws! Oh my fur and whiskers! She’ll get me executed, as sure as ferrets are ferrets!
output_0618|Where _can_ I have dropped them, I wonder?” Alice guessed in a moment that it was looking for the fan and the pair of white kid gloves, and she very good-naturedly began hunting about for them, but they were nowhere to be seen—everything seemed to have changed since her swim in the pool, and the great hall, with the glass table and the little door, had vanished completely.
output_0619|Very soon the Rabbit noticed Alice, as she went hunting about, and called out to her in an angry tone, “Why, Mary Ann, what _are_ you doing out here?
output_0620|Run home this moment, and fetch me a pair of gloves and a fan!
output_0621|Quick, now!” And Alice was so much frightened that she ran off at once in the direction it pointed to, without trying to explain the mistake it had made.
output_0622|“He took me for his housemaid,” she said to herself as she ran. “How surprised he’ll be when he finds out who I am!
output_0623|But I’d better take him his fan and gloves—that is, if I can find them.” As she said this, she came upon a neat little house, on the door of which was a bright brass plate with the name “W.
output_0624|RABBIT,” engraved upon it.
output_0625|She went in without knocking, and hurried upstairs, in great fear lest she should meet the real Mary Ann, and be turned out of the house before she had found the fan and gloves.
output_0626|“How queer it seems,” Alice said to herself, “to be going messages for a rabbit!
output_0627|I suppose Dinah’ll be sending me on messages next!” And she began fancying the sort of thing that would happen: “‘Miss Alice!
output_0628|Come here directly, and get ready for your walk!’ ‘Coming in a minute, nurse!
output_0629|But I’ve got to see that the mouse doesn’t get out.’ Only I don’t think,” Alice went on, “that they’d let Dinah stop in the house if it began ordering people about like that!” By this time she had found her way into a tidy little room with a table in the window, and on it (as she had hoped) a fan and two or three pairs of tiny white kid gloves: she took up the fan and a pair of the gloves, and was just going to leave the room, when her eye fell upon a little bottle that stood near the looking-glass.
output_0630|There was no label this time with the words “DRINK ME,” but nevertheless she uncorked it and put it to her lips.
output_0631|“I know _something_ interesting is sure to happen,” she said to herself, “whenever I eat or drink anything; so I’ll just see what this bottle does.
output_0632|I do hope it’ll make me grow large again, for really I’m quite tired of being such a tiny little thing!” It did so indeed, and much sooner than she had expected: before she had drunk half the bottle, she found her head pressing against the ceiling, and had to stoop to save her neck from being broken.
output_0633|She hastily put down the bottle, saying to herself “That’s quite enough—I hope I shan’t grow any more—As it is, I can’t get out at the door—I do wish I hadn’t drunk quite so much!” Alas!
output_0634|it was too late to wish that!
output_0635|She went on growing, and growing, and very soon had to kneel down on the floor: in another minute there was not even room for this, and she tried the effect of lying down with one elbow against the door, and the other arm curled round her head.
output_0636|Still she went on growing, and, as a last resource, she put one arm out of the window, and one foot up the chimney, and said to herself “Now I can do no more, whatever happens.
output_0637|What _will_ become of me?” Luckily for Alice, the little magic bottle had now had its full effect, and she grew no larger: still it was very uncomfortable, and, as there seemed to be no sort of chance of her ever getting out of the room again, no wonder she felt unhappy.
output_0638|“It was much pleasanter at home,” thought poor Alice, “when one wasn’t always growing larger and smaller, and being ordered about by mice and rabbits.
output_0639|I almost wish I hadn’t gone down that rabbit-hole—and yet—and yet—it’s rather curious, you know, this sort of life! I do wonder what _can_ have happened to me!
output_0640|When I used to read fairy-tales, I fancied that kind of thing never happened, and now here I am in the middle of one! There ought to be a book written about me, that there ought!
output_0641|And when I grow up, I’ll write one—but I’m grown up now,” she added in a sorrowful tone; “at least there’s no room to grow up any more _here_.” “But then,” thought Alice, “shall I _never_ get any older than I am now?
output_0642|That’ll be a comfort, one way—never to be an old woman—but then—always to have lessons to learn! Oh, I shouldn’t like _that!_” “Oh, you foolish Alice!” she answered herself.
output_0643|“How can you learn lessons in here?
output_0644|Why, there’s hardly room for _you_, and no room at all for any lesson-books!” And so she went on, taking first one side and then the other, and making quite a conversation of it altogether; but after a few minutes she heard a voice outside, and stopped to listen.
output_0645|“Mary Ann! Mary Ann!” said the voice. “Fetch me my gloves this moment!” Then came a little pattering of feet on the stairs.
output_0646|Alice knew it was the Rabbit coming to look for her, and she trembled till she shook the house, quite forgetting that she was now about a thousand times as large as the Rabbit, and had no reason to be afraid of it.
output_0647|Presently the Rabbit came up to the door, and tried to open it; but, as the door opened inwards, and Alice’s elbow was pressed hard against it, that attempt proved a failure.
output_0648|Alice heard it say to itself “Then I’ll go round and get in at the window.” “_That_ you won’t!” thought Alice, and, after waiting till she fancied she heard the Rabbit just under the window, she suddenly spread out her hand, and made a snatch in the air.
output_0649|She did not get hold of anything, but she heard a little shriek and a fall, and a crash of broken glass, from which she concluded that it was just possible it had fallen into a cucumber-frame, or something of the sort.
output_0650|Next came an angry voice—the Rabbit’s—“Pat! Pat! Where are you?” And then a voice she had never heard before, “Sure then I’m here!
output_0651|Digging for apples, yer honour!” “Digging for apples, indeed!” said the Rabbit angrily. “Here!
output_0652|Come and help me out of _this!_” (Sounds of more broken glass.) “Now tell me, Pat, what’s that in the window?” “Sure, it’s an arm, yer honour!” (He pronounced it “arrum.”) “An arm, you goose!
output_0653|Who ever saw one that size?
output_0654|Why, it fills the whole window!” “Sure, it does, yer honour: but it’s an arm for all that.” “Well, it’s got no business there, at any rate: go and take it away!” There was a long silence after this, and Alice could only hear whispers now and then; such as, “Sure, I don’t like it, yer honour, at all, at all!” “Do as I tell you, you coward!” and at last she spread out her hand again, and made another snatch in the air.
output_0655|This time there were _two_ little shrieks, and more sounds of broken glass. “What a number of cucumber-frames there must be!” thought Alice. “I wonder what they’ll do next!
output_0656|As for pulling me out of the window, I only wish they _could!_ I’m sure _I_ don’t want to stay in here any longer!” She waited for some time without hearing anything more: at last came a rumbling of little cartwheels, and the sound of a good many voices all talking together: she made out the words: “Where’s the other ladder?—Why, I hadn’t to bring but one; Bill’s got the other—Bill!
output_0657|fetch it here, lad!—Here, put ’em up at this corner—No, tie ’em together first—they don’t reach half high enough yet—Oh! they’ll do well enough; don’t be particular—Here, Bill!
output_0658|catch hold of this rope—Will the roof bear?—Mind that loose slate—Oh, it’s coming down!
output_0659|Heads below!” (a loud crash)—“Now, who did that?—It was Bill, I fancy—Who’s to go down the chimney?—Nay, _I_ shan’t! _You_ do it!—_That_ I won’t, then!—Bill’s to go down—Here, Bill!
output_0660|the master says you’re to go down the chimney!” “Oh! So Bill’s got to come down the chimney, has he?” said Alice to herself. “Shy, they seem to put everything upon Bill!
output_0661|I wouldn’t be in Bill’s place for a good deal: this fireplace is narrow, to be sure; but I _think_ I can kick a little!” She drew her foot as far down the chimney as she could, and waited till she heard a little animal (she couldn’t guess of what sort it was) scratching and scrambling about in the chimney close above her: then, saying to herself “This is Bill,” she gave one sharp kick, and waited to see what would happen next.
output_0662|The first thing she heard was a general chorus of “There goes Bill!” then the Rabbit’s voice along—“Catch him, you by the hedge!” then silence, and then another confusion of voices—“Hold up his head—Brandy now—Don’t choke him—How was it, old fellow?
output_0663|What happened to you?
output_0664|Tell us all about it!” Last came a little feeble, squeaking voice, (“That’s Bill,” thought Alice,) “Well, I hardly know—No more, thank ye; I’m better now—but I’m a deal too flustered to tell you—all I know is, something comes at me like a Jack-in-the-box, and up I goes like a sky-rocket!” “So you did, old fellow!” said the others.
output_0665|“We must burn the house down!” said the Rabbit’s voice; and Alice called out as loud as she could, “If you do, I’ll set Dinah at you!” There was a dead silence instantly, and Alice thought to herself, “I wonder what they _will_ do next!
output_0666|If they had any sense, they’d take the roof off.” After a minute or two, they began moving about again, and Alice heard the Rabbit say, “A barrowful will do, to begin with.” “A barrowful of _what?_” thought Alice; but she had not long to doubt, for the next moment a shower of little pebbles came rattling in at the window, and some of them hit her in the face.
output_0667|“I’ll put a stop to this,” she said to herself, and shouted out, “You’d better not do that again!” which produced another dead silence.
output_0668|Alice noticed with some surprise that the pebbles were all turning into little cakes as they lay on the floor, and a bright idea came into her head.
output_0669|“If I eat one of these cakes,” she thought, “it’s sure to make _some_ change in my size; and as it can’t possibly make me larger, it must make me smaller, I suppose.” So she swallowed one of the cakes, and was delighted to find that she began shrinking directly.
output_0670|As soon as she was small enough to get through the door, she ran out of the house, and found quite a crowd of little animals and birds waiting outside.
output_0671|The poor little Lizard, Bill, was in the middle, being held up by two guinea-pigs, who were giving it something out of a bottle.
output_0672|They all made a rush at Alice the moment she appeared; but she ran off as hard as she could, and soon found herself safe in a thick wood.
output_0673|“The first thing I’ve got to do,” said Alice to herself, as she wandered about in the wood, “is to grow to my right size again; and the second thing is to find my way into that lovely garden.
output_0674|I think that will be the best plan.” It sounded an excellent plan, no doubt, and very neatly and simply arranged; the only difficulty was, that she had not the smallest idea how to set about it; and while she was peering about anxiously among the trees, a little sharp bark just over her head made her look up in a great hurry.
output_0675|An enormous puppy was looking down at her with large round eyes, and feebly stretching out one paw, trying to touch her.
output_0676|“Poor little thing!” said Alice, in a coaxing tone, and she tried hard to whistle to it; but she was terribly frightened all the time at the thought that it might be hungry, in which case it would be very likely to eat her up in spite of all her coaxing.
output_0677|Hardly knowing what she did, she picked up a little bit of stick, and held it out to the puppy; whereupon the puppy jumped into the air off all its feet at once, with a yelp of delight, and rushed at the stick, and made believe to worry it; then Alice dodged behind a great thistle, to keep herself from being run over; and the moment she appeared on the other side, the puppy made another rush at the stick, and tumbled head over heels in its hurry to get hold of it; then Alice, thinking it was very like having a game of play with a cart-horse, and expecting every moment to be trampled under its feet, ran round the thistle again; then the puppy began a series of short charges at the stick, running a very little way forwards each time and a long way back, and barking hoarsely all the while, till at last it sat down a good way off, panting, with its tongue hanging out of its mouth, and its great eyes half shut.
output_0678|This seemed to Alice a good opportunity for making her escape; so she set off at once, and ran till she was quite tired and out of breath, and till the puppy’s bark sounded quite faint in the distance.
output_0679|“And yet what a dear little puppy it was!” said Alice, as she leant against a buttercup to rest herself, and fanned herself with one of the leaves: “I should have liked teaching it tricks very much, if—if I’d only been the right size to do it!
output_0680|Oh dear! I’d nearly forgotten that I’ve got to grow up again! Let me see—how _is_ it to be managed?
output_0681|I suppose I ought to eat or drink something or other; but the great question is, what?” The great question certainly was, what?
output_0682|Alice looked all round her at the flowers and the blades of grass, but she did not see anything that looked like the right thing to eat or drink under the circumstances.
output_0683|There was a large mushroom growing near her, about the same height as herself; and when she had looked under it, and on both sides of it, and behind it, it occurred to her that she might as well look and see what was on the top of it.
output_0684|She stretched herself up on tiptoe, and peeped over the edge of the mushroom, and her eyes immediately met those of a large blue caterpillar, that was sitting on the top with its arms folded, quietly smoking a long hookah, and taking not the smallest notice of her or of anything else.
output_0686|Advice from a Caterpillar The Caterpillar and Alice looked at each other for some time in silence: at last the Caterpillar took the hookah out of its mouth, and addressed her in a languid, sleepy voice.
output_0687|“Who are _you?_” said the Caterpillar. This was not an encouraging opening for a conversation.
output_0688|Alice replied, rather shyly, “I—I hardly know, sir, just at present—at least I know who I _was_ when I got up this morning, but I think I must have been changed several times since then.” “What do you mean by that?” said the Caterpillar sternly.
output_0689|“Explain yourself!” “I can’t explain _myself_, I’m afraid, sir,” said Alice, “because I’m not myself, you see.” “I don’t see,” said the Caterpillar.
output_0690|“I’m afraid I can’t put it more clearly,” Alice replied very politely, “for I can’t understand it myself to begin with; and being so many different sizes in a day is very confusing.” “It isn’t,” said the Caterpillar.
output_0691|“Well, perhaps you haven’t found it so yet,” said Alice; “but when you have to turn into a chrysalis—you will some day, you know—and then after that into a butterfly, I should think you’ll feel it a little queer, won’t you?” “Not a bit,” said the Caterpillar.
output_0692|“Well, perhaps your feelings may be different,” said Alice; “all I know is, it would feel very queer to _me_.” “You!” said the Caterpillar contemptuously.
output_0693|“Who are _you?_” Which brought them back again to the beginning of the conversation.
output_0694|Alice felt a little irritated at the Caterpillar’s making such _very_ short remarks, and she drew herself up and said, very gravely, “I think, you ought to tell me who _you_ are, first.” “Why?” said the Caterpillar.
output_0695|Here was another puzzling question; and as Alice could not think of any good reason, and as the Caterpillar seemed to be in a _very_ unpleasant state of mind, she turned away.
output_0696|“Come back!” the Caterpillar called after her. “I’ve something important to say!” This sounded promising, certainly: Alice turned and came back again. “Keep your temper,” said the Caterpillar.
output_0697|“Is that all?” said Alice, swallowing down her anger as well as she could. “No,” said the Caterpillar.
output_0698|Alice thought she might as well wait, as she had nothing else to do, and perhaps after all it might tell her something worth hearing.
output_0699|For some minutes it puffed away without speaking, but at last it unfolded its arms, took the hookah out of its mouth again, and said, “So you think you’re changed, do you?” “I’m afraid I am, sir,” said Alice; “I can’t remember things as I used—and I don’t keep the same size for ten minutes together!” “Can’t remember _what_ things?” said the Caterpillar.
output_0700|“Well, I’ve tried to say “How doth the little busy bee,” but it all came different!” Alice replied in a very melancholy voice. “Repeat, ‘_You are old, Father William_,’” said the Caterpillar.
output_0701|Alice folded her hands, and began:— “You are old, Father William,” the young man said, “And your hair has become very white; And yet you incessantly stand on your head— Do you think, at your age, it is right?” “In my youth,” Father William replied to his son, “I feared it might injure the brain; But, now that I’m perfectly sure I have none, Why, I do it again and again.” “You are old,” said the youth, “as I mentioned before, And have grown most uncommonly fat; Yet you turned a back-somersault in at the door— Pray, what is the reason of that?” “In my youth,” said the sage, as he shook his grey locks, “I kept all my limbs very supple By the use of this ointment—one shilling the box— Allow me to sell you a couple?” “You are old,” said the youth, “and your jaws are too weak For anything tougher than suet; Yet you finished the goose, with the bones and the beak— Pray, how did you manage to do it?” “In my youth,” said his father, “I took to the law, And argued each case with my wife; And the muscular strength, which it gave to my jaw, Has lasted the rest of my life.” “You are old,” said the youth, “one would hardly suppose That your eye was as steady as ever; Yet you balanced an eel on the end of your nose— What made you so awfully clever?” “I have answered three questions, and that is enough,” Said his father; “don’t give yourself airs!
output_0702|Do you think I can listen all day to such stuff? Be off, or I’ll kick you down stairs!” “That is not said right,” said the Caterpillar.
output_0703|“Not _quite_ right, I’m afraid,” said Alice, timidly; “some of the words have got altered.” “It is wrong from beginning to end,” said the Caterpillar decidedly, and there was silence for some minutes.
output_0704|The Caterpillar was the first to speak. “What size do you want to be?” it asked.
output_0705|“Oh, I’m not particular as to size,” Alice hastily replied; “only one doesn’t like changing so often, you know.” “I _don’t_ know,” said the Caterpillar.
output_0706|Alice said nothing: she had never been so much contradicted in her life before, and she felt that she was losing her temper. “Are you content now?” said the Caterpillar.
output_0707|“Well, I should like to be a _little_ larger, sir, if you wouldn’t mind,” said Alice: “three inches is such a wretched height to be.” “It is a very good height indeed!” said the Caterpillar angrily, rearing itself upright as it spoke (it was exactly three inches high).
output_0708|“But I’m not used to it!” pleaded poor Alice in a piteous tone.
output_0709|And she thought of herself, “I wish the creatures wouldn’t be so easily offended!” “You’ll get used to it in time,” said the Caterpillar; and it put the hookah into its mouth and began smoking again.
output_0710|This time Alice waited patiently until it chose to speak again. In a minute or two the Caterpillar took the hookah out of its mouth and yawned once or twice, and shook itself.
output_0711|Then it got down off the mushroom, and crawled away in the grass, merely remarking as it went, “One side will make you grow taller, and the other side will make you grow shorter.” “One side of _what?_ The other side of _what?_” thought Alice to herself.
output_0712|“Of the mushroom,” said the Caterpillar, just as if she had asked it aloud; and in another moment it was out of sight.
output_0713|Alice remained looking thoughtfully at the mushroom for a minute, trying to make out which were the two sides of it; and as it was perfectly round, she found this a very difficult question.
output_0714|However, at last she stretched her arms round it as far as they would go, and broke off a bit of the edge with each hand.
output_0715|“And now which is which?” she said to herself, and nibbled a little of the right-hand bit to try the effect: the next moment she felt a violent blow underneath her chin: it had struck her foot!
output_0716|She was a good deal frightened by this very sudden change, but she felt that there was no time to be lost, as she was shrinking rapidly; so she set to work at once to eat some of the other bit.
output_0717|Her chin was pressed so closely against her foot, that there was hardly room to open her mouth; but she did it at last, and managed to swallow a morsel of the lefthand bit.
output_0718|“Come, my head’s free at last!” said Alice in a tone of delight, which changed into alarm in another moment, when she found that her shoulders were nowhere to be found: all she could see, when she looked down, was an immense length of neck, which seemed to rise like a stalk out of a sea of green leaves that lay far below her.
output_0719|“What _can_ all that green stuff be?” said Alice. “And where _have_ my shoulders got to?
output_0720|And oh, my poor hands, how is it I can’t see you?” She was moving them about as she spoke, but no result seemed to follow, except a little shaking among the distant green leaves.
output_0721|As there seemed to be no chance of getting her hands up to her head, she tried to get her head down to them, and was delighted to find that her neck would bend about easily in any direction, like a serpent.
output_0722|She had just succeeded in curving it down into a graceful zigzag, and was going to dive in among the leaves, which she found to be nothing but the tops of the trees under which she had been wandering, when a sharp hiss made her draw back in a hurry: a large pigeon had flown into her face, and was beating her violently with its wings.
output_0723|“Serpent!” screamed the Pigeon. “I’m _not_ a serpent!” said Alice indignantly.
output_0724|“Let me alone!” “Serpent, I say again!” repeated the Pigeon, but in a more subdued tone, and added with a kind of sob, “I’ve tried every way, and nothing seems to suit them!” “I haven’t the least idea what you’re talking about,” said Alice.
output_0725|“I’ve tried the roots of trees, and I’ve tried banks, and I’ve tried hedges,” the Pigeon went on, without attending to her; “but those serpents!
output_0726|There’s no pleasing them!” Alice was more and more puzzled, but she thought there was no use in saying anything more till the Pigeon had finished.
output_0727|“As if it wasn’t trouble enough hatching the eggs,” said the Pigeon; “but I must be on the look-out for serpents night and day!
output_0728|Why, I haven’t had a wink of sleep these three weeks!” “I’m very sorry you’ve been annoyed,” said Alice, who was beginning to see its meaning.
output_0729|“And just as I’d taken the highest tree in the wood,” continued the Pigeon, raising its voice to a shriek, “and just as I was thinking I should be free of them at last, they must needs come wriggling down from the sky!
output_0730|Ugh, Serpent!” “But I’m _not_ a serpent, I tell you!” said Alice. “I’m a—I’m a—” “Well! _What_ are you?” said the Pigeon.
output_0731|“I can see you’re trying to invent something!” “I—I’m a little girl,” said Alice, rather doubtfully, as she remembered the number of changes she had gone through that day.
output_0732|“A likely story indeed!” said the Pigeon in a tone of the deepest contempt. “I’ve seen a good many little girls in my time, but never _one_ with such a neck as that! No, no!
output_0733|You’re a serpent; and there’s no use denying it.
output_0734|I suppose you’ll be telling me next that you never tasted an egg!” “I _have_ tasted eggs, certainly,” said Alice, who was a very truthful child; “but little girls eat eggs quite as much as serpents do, you know.” “I don’t believe it,” said the Pigeon; “but if they do, why then they’re a kind of serpent, that’s all I can say.” This was such a new idea to Alice, that she was quite silent for a minute or two, which gave the Pigeon the opportunity of adding, “You’re looking for eggs, I know _that_ well enough; and what does it matter to me whether you’re a little girl or a serpent?” “It matters a good deal to _me_,” said Alice hastily; “but I’m not looking for eggs, as it happens; and if I was, I shouldn’t want _yours_: I don’t like them raw.” “Well, be off, then!” said the Pigeon in a sulky tone, as it settled down again into its nest.
output_0735|Alice crouched down among the trees as well as she could, for her neck kept getting entangled among the branches, and every now and then she had to stop and untwist it.
output_0736|After a while she remembered that she still held the pieces of mushroom in her hands, and she set to work very carefully, nibbling first at one and then at the other, and growing sometimes taller and sometimes shorter, until she had succeeded in bringing herself down to her usual height.
output_0737|It was so long since she had been anything near the right size, that it felt quite strange at first; but she got used to it in a few minutes, and began talking to herself, as usual.
output_0738|“Come, there’s half my plan done now! How puzzling all these changes are! I’m never sure what I’m going to be, from one minute to another!
output_0739|However, I’ve got back to my right size: the next thing is, to get into that beautiful garden—how _is_ that to be done, I wonder?” As she said this, she came suddenly upon an open place, with a little house in it about four feet high.
output_0740|“Whoever lives there,” thought Alice, “it’ll never do to come upon them _this_ size: why, I should frighten them out of their wits!” So she began nibbling at the righthand bit again, and did not venture to go near the house till she had brought herself down to nine inches high.
output_0742|Pig and Pepper For a minute or two she stood looking at the house, and wondering what to do next, when suddenly a footman in livery came running out of the wood—(she considered him to be a footman because he was in livery: otherwise, judging by his face only, she would have called him a fish)—and rapped loudly at the door with his knuckles.
output_0743|It was opened by another footman in livery, with a round face, and large eyes like a frog; and both footmen, Alice noticed, had powdered hair that curled all over their heads.
output_0744|She felt very curious to know what it was all about, and crept a little way out of the wood to listen.
output_0745|The Fish-Footman began by producing from under his arm a great letter, nearly as large as himself, and this he handed over to the other, saying, in a solemn tone, “For the Duchess.
output_0746|An invitation from the Queen to play croquet.” The Frog-Footman repeated, in the same solemn tone, only changing the order of the words a little, “From the Queen.
output_0747|An invitation for the Duchess to play croquet.” Then they both bowed low, and their curls got entangled together.
output_0748|Alice laughed so much at this, that she had to run back into the wood for fear of their hearing her; and when she next peeped out the Fish-Footman was gone, and the other was sitting on the ground near the door, staring stupidly up into the sky.
output_0749|Alice went timidly up to the door, and knocked. “There’s no sort of use in knocking,” said the Footman, “and that for two reasons.
output_0750|First, because I’m on the same side of the door as you are; secondly, because they’re making such a noise inside, no one could possibly hear you.” And certainly there _was_ a most extraordinary noise going on within—a constant howling and sneezing, and every now and then a great crash, as if a dish or kettle had been broken to pieces.
output_0751|“Please, then,” said Alice, “how am I to get in?” “There might be some sense in your knocking,” the Footman went on without attending to her, “if we had the door between us.
output_0752|For instance, if you were _inside_, you might knock, and I could let you out, you know.” He was looking up into the sky all the time he was speaking, and this Alice thought decidedly uncivil.
output_0753|“But perhaps he can’t help it,” she said to herself; “his eyes are so _very_ nearly at the top of his head. But at any rate he might answer questions.—How am I to get in?” she repeated, aloud.
output_0754|“I shall sit here,” the Footman remarked, “till tomorrow—” At this moment the door of the house opened, and a large plate came skimming out, straight at the Footman’s head: it just grazed his nose, and broke to pieces against one of the trees behind him.
output_0755|“—or next day, maybe,” the Footman continued in the same tone, exactly as if nothing had happened. “How am I to get in?” asked Alice again, in a louder tone.
output_0756|“_Are_ you to get in at all?” said the Footman. “That’s the first question, you know.” It was, no doubt: only Alice did not like to be told so.
output_0757|“It’s really dreadful,” she muttered to herself, “the way all the creatures argue.
output_0758|It’s enough to drive one crazy!” The Footman seemed to think this a good opportunity for repeating his remark, with variations.
output_0759|“I shall sit here,” he said, “on and off, for days and days.” “But what am _I_ to do?” said Alice. “Anything you like,” said the Footman, and began whistling.
output_0760|“Oh, there’s no use in talking to him,” said Alice desperately: “he’s perfectly idiotic!” And she opened the door and went in.
output_0761|The door led right into a large kitchen, which was full of smoke from one end to the other: the Duchess was sitting on a three-legged stool in the middle, nursing a baby; the cook was leaning over the fire, stirring a large cauldron which seemed to be full of soup.
output_0762|“There’s certainly too much pepper in that soup!” Alice said to herself, as well as she could for sneezing. There was certainly too much of it in the air.
output_0763|Even the Duchess sneezed occasionally; and as for the baby, it was sneezing and howling alternately without a moment’s pause.
output_0764|The only things in the kitchen that did not sneeze, were the cook, and a large cat which was sitting on the hearth and grinning from ear to ear.
output_0765|“Please would you tell me,” said Alice, a little timidly, for she was not quite sure whether it was good manners for her to speak first, “why your cat grins like that?” “It’s a Cheshire cat,” said the Duchess, “and that’s why.
output_0766|Pig!” She said the last word with such sudden violence that Alice quite jumped; but she saw in another moment that it was addressed to the baby, and not to her, so she took courage, and went on again:— “I didn’t know that Cheshire cats always grinned; in fact, I didn’t know that cats _could_ grin.” “They all can,” said the Duchess; “and most of ’em do.” “I don’t know of any that do,” Alice said very politely, feeling quite pleased to have got into a conversation.
output_0767|“You don’t know much,” said the Duchess; “and that’s a fact.” Alice did not at all like the tone of this remark, and thought it would be as well to introduce some other subject of conversation.
output_0768|While she was trying to fix on one, the cook took the cauldron of soup off the fire, and at once set to work throwing everything within her reach at the Duchess and the baby—the fire-irons came first; then followed a shower of saucepans, plates, and dishes.
output_0769|The Duchess took no notice of them even when they hit her; and the baby was howling so much already, that it was quite impossible to say whether the blows hurt it or not.
output_0770|“Oh, _please_ mind what you’re doing!” cried Alice, jumping up and down in an agony of terror.
output_0771|“Oh, there goes his _precious_ nose!” as an unusually large saucepan flew close by it, and very nearly carried it off.
output_0772|“If everybody minded their own business,” the Duchess said in a hoarse growl, “the world would go round a deal faster than it does.” “Which would _not_ be an advantage,” said Alice, who felt very glad to get an opportunity of showing off a little of her knowledge.
output_0773|“Just think of what work it would make with the day and night!
output_0774|You see the earth takes twenty-four hours to turn round on its axis—” “Talking of axes,” said the Duchess, “chop off her head!” Alice glanced rather anxiously at the cook, to see if she meant to take the hint; but the cook was busily stirring the soup, and seemed not to be listening, so she went on again: “Twenty-four hours, I _think_; or is it twelve?
output_0775|I—” “Oh, don’t bother _me_,” said the Duchess; “I never could abide figures!” And with that she began nursing her child again, singing a sort of lullaby to it as she did so, and giving it a violent shake at the end of every line: “Speak roughly to your little boy, And beat him when he sneezes: He only does it to annoy, Because he knows it teases.” CHORUS.
output_0776|(In which the cook and the baby joined): “Wow! wow!
output_0777|wow!” While the Duchess sang the second verse of the song, she kept tossing the baby violently up and down, and the poor little thing howled so, that Alice could hardly hear the words:— “I speak severely to my boy, I beat him when he sneezes; For he can thoroughly enjoy The pepper when he pleases!” CHORUS.
output_0778|“Wow! wow! wow!” “Here! you may nurse it a bit, if you like!” the Duchess said to Alice, flinging the baby at her as she spoke.
output_0779|“I must go and get ready to play croquet with the Queen,” and she hurried out of the room. The cook threw a frying-pan after her as she went out, but it just missed her.
output_0780|Alice caught the baby with some difficulty, as it was a queer-shaped little creature, and held out its arms and legs in all directions, “just like a star-fish,” thought Alice.
output_0781|The poor little thing was snorting like a steam-engine when she caught it, and kept doubling itself up and straightening itself out again, so that altogether, for the first minute or two, it was as much as she could do to hold it.
output_0782|As soon as she had made out the proper way of nursing it, (which was to twist it up into a sort of knot, and then keep tight hold of its right ear and left foot, so as to prevent its undoing itself,) she carried it out into the open air.
output_0783|“If I don’t take this child away with me,” thought Alice, “they’re sure to kill it in a day or two: wouldn’t it be murder to leave it behind?” She said the last words out loud, and the little thing grunted in reply (it had left off sneezing by this time).
output_0784|“Don’t grunt,” said Alice; “that’s not at all a proper way of expressing yourself.” The baby grunted again, and Alice looked very anxiously into its face to see what was the matter with it.
output_0785|There could be no doubt that it had a _very_ turn-up nose, much more like a snout than a real nose; also its eyes were getting extremely small for a baby: altogether Alice did not like the look of the thing at all.
output_0786|“But perhaps it was only sobbing,” she thought, and looked into its eyes again, to see if there were any tears. No, there were no tears.
output_0787|“If you’re going to turn into a pig, my dear,” said Alice, seriously, “I’ll have nothing more to do with you.
output_0788|Mind now!” The poor little thing sobbed again (or grunted, it was impossible to say which), and they went on for some while in silence.
output_0789|Alice was just beginning to think to herself, “Now, what am I to do with this creature when I get it home?” when it grunted again, so violently, that she looked down into its face in some alarm.
output_0790|This time there could be _no_ mistake about it: it was neither more nor less than a pig, and she felt that it would be quite absurd for her to carry it further.
output_0791|So she set the little creature down, and felt quite relieved to see it trot away quietly into the wood.
output_0792|“If it had grown up,” she said to herself, “it would have made a dreadfully ugly child: but it makes rather a handsome pig, I think.” And she began thinking over other children she knew, who might do very well as pigs, and was just saying to herself, “if one only knew the right way to change them—” when she was a little startled by seeing the Cheshire Cat sitting on a bough of a tree a few yards off.
output_0793|The Cat only grinned when it saw Alice. It looked good-natured, she thought: still it had _very_ long claws and a great many teeth, so she felt that it ought to be treated with respect.
output_0794|“Cheshire Puss,” she began, rather timidly, as she did not at all know whether it would like the name: however, it only grinned a little wider.
output_0795|“Come, it’s pleased so far,” thought Alice, and she went on. “Would you tell me, please, which way I ought to go from here?” “That depends a good deal on where you want to get to,” said the Cat.
output_0796|“I don’t much care where—” said Alice. “Then it doesn’t matter which way you go,” said the Cat. “—so long as I get _somewhere_,” Alice added as an explanation.
output_0797|“Oh, you’re sure to do that,” said the Cat, “if you only walk long enough.” Alice felt that this could not be denied, so she tried another question.
output_0798|“What sort of people live about here?” “In _that_ direction,” the Cat said, waving its right paw round, “lives a Hatter: and in _that_ direction,” waving the other paw, “lives a March Hare.
output_0799|Visit either you like: they’re both mad.” “But I don’t want to go among mad people,” Alice remarked. “Oh, you can’t help that,” said the Cat: “we’re all mad here. I’m mad.
output_0800|You’re mad.” “How do you know I’m mad?” said Alice.
output_0801|“You must be,” said the Cat, “or you wouldn’t have come here.” Alice didn’t think that proved it at all; however, she went on “And how do you know that you’re mad?” “To begin with,” said the Cat, “a dog’s not mad.
output_0802|You grant that?” “I suppose so,” said Alice. “Well, then,” the Cat went on, “you see, a dog growls when it’s angry, and wags its tail when it’s pleased.
output_0803|Now _I_ growl when I’m pleased, and wag my tail when I’m angry. Therefore I’m mad.” “_I_ call it purring, not growling,” said Alice. “Call it what you like,” said the Cat.
output_0804|“Do you play croquet with the Queen to-day?” “I should like it very much,” said Alice, “but I haven’t been invited yet.” “You’ll see me there,” said the Cat, and vanished.
output_0805|Alice was not much surprised at this, she was getting so used to queer things happening. While she was looking at the place where it had been, it suddenly appeared again.
output_0806|“By-the-bye, what became of the baby?” said the Cat. “I’d nearly forgotten to ask.” “It turned into a pig,” Alice quietly said, just as if it had come back in a natural way.
output_0807|“I thought it would,” said the Cat, and vanished again.
output_0808|Alice waited a little, half expecting to see it again, but it did not appear, and after a minute or two she walked on in the direction in which the March Hare was said to live.
output_0809|“I’ve seen hatters before,” she said to herself; “the March Hare will be much the most interesting, and perhaps as this is May it won’t be raving mad—at least not so mad as it was in March.” As she said this, she looked up, and there was the Cat again, sitting on a branch of a tree.
output_0810|“Did you say pig, or fig?” said the Cat.
output_0811|“I said pig,” replied Alice; “and I wish you wouldn’t keep appearing and vanishing so suddenly: you make one quite giddy.” “All right,” said the Cat; and this time it vanished quite slowly, beginning with the end of the tail, and ending with the grin, which remained some time after the rest of it had gone.
output_0812|“Well! I’ve often seen a cat without a grin,” thought Alice; “but a grin without a cat!
output_0813|It’s the most curious thing I ever saw in my life!” She had not gone much farther before she came in sight of the house of the March Hare: she thought it must be the right house, because the chimneys were shaped like ears and the roof was thatched with fur.
output_0814|It was so large a house, that she did not like to go nearer till she had nibbled some more of the lefthand bit of mushroom, and raised herself to about two feet high: even then she walked up towards it rather timidly, saying to herself “Suppose it should be raving mad after all!
output_0815|I almost wish I’d gone to see the Hatter instead!” CHAPTER VII.
output_0816|A Mad Tea-Party There was a table set out under a tree in front of the house, and the March Hare and the Hatter were having tea at it: a Dormouse was sitting between them, fast asleep, and the other two were using it as a cushion, resting their elbows on it, and talking over its head.
output_0817|“Very uncomfortable for the Dormouse,” thought Alice; “only, as it’s asleep, I suppose it doesn’t mind.” The table was a large one, but the three were all crowded together at one corner of it: “No room!
output_0818|No room!” they cried out when they saw Alice coming. “There’s _plenty_ of room!” said Alice indignantly, and she sat down in a large arm-chair at one end of the table.
output_0819|“Have some wine,” the March Hare said in an encouraging tone. Alice looked all round the table, but there was nothing on it but tea. “I don’t see any wine,” she remarked.
output_0820|“There isn’t any,” said the March Hare. “Then it wasn’t very civil of you to offer it,” said Alice angrily. “It wasn’t very civil of you to sit down without being invited,” said the March Hare.
output_0821|“I didn’t know it was _your_ table,” said Alice; “it’s laid for a great many more than three.” “Your hair wants cutting,” said the Hatter.
output_0822|He had been looking at Alice for some time with great curiosity, and this was his first speech.
output_0823|“You should learn not to make personal remarks,” Alice said with some severity; “it’s very rude.” The Hatter opened his eyes very wide on hearing this; but all he _said_ was, “Why is a raven like a writing-desk?” “Come, we shall have some fun now!” thought Alice.
output_0824|“I’m glad they’ve begun asking riddles.—I believe I can guess that,” she added aloud. “Do you mean that you think you can find out the answer to it?” said the March Hare. “Exactly so,” said Alice.
output_0825|“Then you should say what you mean,” the March Hare went on.
output_0826|“I do,” Alice hastily replied; “at least—at least I mean what I say—that’s the same thing, you know.” “Not the same thing a bit!” said the Hatter.
output_0827|“You might just as well say that ‘I see what I eat’ is the same thing as ‘I eat what I see’!” “You might just as well say,” added the March Hare, “that ‘I like what I get’ is the same thing as ‘I get what I like’!” “You might just as well say,” added the Dormouse, who seemed to be talking in his sleep, “that ‘I breathe when I sleep’ is the same thing as ‘I sleep when I breathe’!” “It _is_ the same thing with you,” said the Hatter, and here the conversation dropped, and the party sat silent for a minute, while Alice thought over all she could remember about ravens and writing-desks, which wasn’t much.
output_0828|The Hatter was the first to break the silence.
output_0829|“What day of the month is it?” he said, turning to Alice: he had taken his watch out of his pocket, and was looking at it uneasily, shaking it every now and then, and holding it to his ear.
output_0830|Alice considered a little, and then said “The fourth.” “Two days wrong!” sighed the Hatter. “I told you butter wouldn’t suit the works!” he added looking angrily at the March Hare.
output_0831|“It was the _best_ butter,” the March Hare meekly replied.
output_0832|“Yes, but some crumbs must have got in as well,” the Hatter grumbled: “you shouldn’t have put it in with the bread-knife.” The March Hare took the watch and looked at it gloomily: then he dipped it into his cup of tea, and looked at it again: but he could think of nothing better to say than his first remark, “It was the _best_ butter, you know.” Alice had been looking over his shoulder with some curiosity.
output_0833|“What a funny watch!” she remarked. “It tells the day of the month, and doesn’t tell what o’clock it is!” “Why should it?” muttered the Hatter.
output_0834|“Does _your_ watch tell you what year it is?” “Of course not,” Alice replied very readily: “but that’s because it stays the same year for such a long time together.” “Which is just the case with _mine_,” said the Hatter.
output_0835|Alice felt dreadfully puzzled, The Hatter’s remark seemed to have no sort of meaning in it, and yet it was certainly English. “I don’t quite understand you,” she said, as politely as she could.
output_0836|“The Dormouse is asleep again,” said the Hatter, and he poured a little hot tea upon its nose.
output_0837|The Dormouse shook its head impatiently, and said, without opening its eyes, “Of course, of course; just what I was going to remark myself.” “Have you guessed the riddle yet?” the Hatter said, turning to Alice again.
output_0838|“No, I give it up,” Alice replied: “what’s the answer?” “I haven’t the slightest idea,” said the Hatter. “Nor I,” said the March Hare. Alice sighed wearily.
output_0839|“I think you might do something better with the time,” she said, “than waste it in asking riddles that have no answers.” “If you knew Time as well as I do,” said the Hatter, “you wouldn’t talk about wasting _it_.
output_0840|It’s _him_.” “I don’t know what you mean,” said Alice. “Of course you don’t!” the Hatter said, tossing his head contemptuously.
output_0841|“I dare say you never even spoke to Time!” “Perhaps not,” Alice cautiously replied: “but I know I have to beat time when I learn music.” “Ah! that accounts for it,” said the Hatter.
output_0842|“He won’t stand beating. Now, if you only kept on good terms with him, he’d do almost anything you liked with the clock.
output_0843|For instance, suppose it were nine o’clock in the morning, just time to begin lessons: you’d only have to whisper a hint to Time, and round goes the clock in a twinkling!
output_0844|Half-past one, time for dinner!” (“I only wish it was,” the March Hare said to itself in a whisper.) “That would be grand, certainly,” said Alice thoughtfully: “but then—I shouldn’t be hungry for it, you know.” “Not at first, perhaps,” said the Hatter: “but you could keep it to half-past one as long as you liked.” “Is that the way _you_ manage?” Alice asked.
output_0845|The Hatter shook his head mournfully. “Not I!” he replied.
output_0846|“We quarrelled last March—just before _he_ went mad, you know—” (pointing with his tea spoon at the March Hare,) “—it was at the great concert given by the Queen of Hearts, and I had to sing ‘Twinkle, twinkle, little bat!
output_0847|How I wonder what you’re at!’ You know the song, perhaps?” “I’ve heard something like it,” said Alice.
output_0848|“It goes on, you know,” the Hatter continued, “in this way:— ‘Up above the world you fly, Like a tea-tray in the sky.
output_0849|Twinkle, twinkle—’” Here the Dormouse shook itself, and began singing in its sleep “_Twinkle, twinkle, twinkle, twinkle_—” and went on so long that they had to pinch it to make it stop.
output_0850|“Well, I’d hardly finished the first verse,” said the Hatter, “when the Queen jumped up and bawled out, ‘He’s murdering the time! Off with his head!’” “How dreadfully savage!” exclaimed Alice.
output_0851|“And ever since that,” the Hatter went on in a mournful tone, “he won’t do a thing I ask! It’s always six o’clock now.” A bright idea came into Alice’s head.
output_0852|“Is that the reason so many tea-things are put out here?” she asked.
output_0853|“Yes, that’s it,” said the Hatter with a sigh: “it’s always tea-time, and we’ve no time to wash the things between whiles.” “Then you keep moving round, I suppose?” said Alice.
output_0854|“Exactly so,” said the Hatter: “as the things get used up.” “But what happens when you come to the beginning again?” Alice ventured to ask.
output_0855|“Suppose we change the subject,” the March Hare interrupted, yawning. “I’m getting tired of this.
output_0856|I vote the young lady tells us a story.” “I’m afraid I don’t know one,” said Alice, rather alarmed at the proposal. “Then the Dormouse shall!” they both cried.
output_0857|“Wake up, Dormouse!” And they pinched it on both sides at once. The Dormouse slowly opened his eyes.
output_0858|“I wasn’t asleep,” he said in a hoarse, feeble voice: “I heard every word you fellows were saying.” “Tell us a story!” said the March Hare. “Yes, please do!” pleaded Alice.
output_0859|“And be quick about it,” added the Hatter, “or you’ll be asleep again before it’s done.” “Once upon a time there were three little sisters,” the Dormouse began in a great hurry; “and their names were Elsie, Lacie, and Tillie; and they lived at the bottom of a well—” “What did they live on?” said Alice, who always took a great interest in questions of eating and drinking.
output_0860|“They lived on treacle,” said the Dormouse, after thinking a minute or two.
output_0861|“They couldn’t have done that, you know,” Alice gently remarked; “they’d have been ill.” “So they were,” said the Dormouse; “_very_ ill.” Alice tried to fancy to herself what such an extraordinary way of living would be like, but it puzzled her too much, so she went on: “But why did they live at the bottom of a well?” “Take some more tea,” the March Hare said to Alice, very earnestly.
output_0862|“I’ve had nothing yet,” Alice replied in an offended tone, “so I can’t take more.” “You mean you can’t take _less_,” said the Hatter: “it’s very easy to take _more_ than nothing.” “Nobody asked _your_ opinion,” said Alice.
output_0863|“Who’s making personal remarks now?” the Hatter asked triumphantly.
output_0864|Alice did not quite know what to say to this: so she helped herself to some tea and bread-and-butter, and then turned to the Dormouse, and repeated her question.
output_0865|“Why did they live at the bottom of a well?” The Dormouse again took a minute or two to think about it, and then said, “It was a treacle-well.” “There’s no such thing!” Alice was beginning very angrily, but the Hatter and the March Hare went “Sh!
output_0866|sh!” and the Dormouse sulkily remarked, “If you can’t be civil, you’d better finish the story for yourself.” “No, please go on!” Alice said very humbly; “I won’t interrupt again.
output_0867|I dare say there may be _one_.” “One, indeed!” said the Dormouse indignantly. However, he consented to go on.
output_0868|“And so these three little sisters—they were learning to draw, you know—” “What did they draw?” said Alice, quite forgetting her promise.
output_0869|“Treacle,” said the Dormouse, without considering at all this time.
output_0870|“I want a clean cup,” interrupted the Hatter: “let’s all move one place on.” He moved on as he spoke, and the Dormouse followed him: the March Hare moved into the Dormouse’s place, and Alice rather unwillingly took the place of the March Hare.
output_0871|The Hatter was the only one who got any advantage from the change: and Alice was a good deal worse off than before, as the March Hare had just upset the milk-jug into his plate.
output_0872|Alice did not wish to offend the Dormouse again, so she began very cautiously: “But I don’t understand.
output_0873|Where did they draw the treacle from?” “You can draw water out of a water-well,” said the Hatter; “so I should think you could draw treacle out of a treacle-well—eh, stupid?” “But they were _in_ the well,” Alice said to the Dormouse, not choosing to notice this last remark.
output_0874|“Of course they were,” said the Dormouse; “—well in.” This answer so confused poor Alice, that she let the Dormouse go on for some time without interrupting it.
output_0875|“They were learning to draw,” the Dormouse went on, yawning and rubbing its eyes, for it was getting very sleepy; “and they drew all manner of things—everything that begins with an M—” “Why with an M?” said Alice.
output_0876|“Why not?” said the March Hare. Alice was silent.
output_0877|The Dormouse had closed its eyes by this time, and was going off into a doze; but, on being pinched by the Hatter, it woke up again with a little shriek, and went on: “—that begins with an M, such as mouse-traps, and the moon, and memory, and muchness—you know you say things are “much of a muchness”—did you ever see such a thing as a drawing of a muchness?” “Really, now you ask me,” said Alice, very much confused, “I don’t think—” “Then you shouldn’t talk,” said the Hatter.
output_0878|This piece of rudeness was more than Alice could bear: she got up in great disgust, and walked off; the Dormouse fell asleep instantly, and neither of the others took the least notice of her going, though she looked back once or twice, half hoping that they would call after her: the last time she saw them, they were trying to put the Dormouse into the teapot.
output_0879|“At any rate I’ll never go _there_ again!” said Alice as she picked her way through the wood.
output_0880|“It’s the stupidest tea-party I ever was at in all my life!” Just as she said this, she noticed that one of the trees had a door leading right into it. “That’s very curious!” she thought.
output_0881|“But everything’s curious today. I think I may as well go in at once.” And in she went. Once more she found herself in the long hall, and close to the little glass table.
output_0882|“Now, I’ll manage better this time,” she said to herself, and began by taking the little golden key, and unlocking the door that led into the garden.
output_0883|Then she went to work nibbling at the mushroom (she had kept a piece of it in her pocket) till she was about a foot high: then she walked down the little passage: and _then_—she found herself at last in the beautiful garden, among the bright flower-beds and the cool fountains.
output_0884|CHAPTER VIII. The Queen’s Croquet-Ground A large rose-tree stood near the entrance of the garden: the roses growing on it were white, but there were three gardeners at it, busily painting them red.
output_0885|Alice thought this a very curious thing, and she went nearer to watch them, and just as she came up to them she heard one of them say, “Look out now, Five!
output_0886|Don’t go splashing paint over me like that!” “I couldn’t help it,” said Five, in a sulky tone; “Seven jogged my elbow.” On which Seven looked up and said, “That’s right, Five!
output_0887|Always lay the blame on others!” “_You’d_ better not talk!” said Five. “I heard the Queen say only yesterday you deserved to be beheaded!” “What for?” said the one who had spoken first.
output_0888|“That’s none of _your_ business, Two!” said Seven.
output_0889|“Yes, it _is_ his business!” said Five, “and I’ll tell him—it was for bringing the cook tulip-roots instead of onions.” Seven flung down his brush, and had just begun “Well, of all the unjust things—” when his eye chanced to fall upon Alice, as she stood watching them, and he checked himself suddenly: the others looked round also, and all of them bowed low.
output_0890|“Would you tell me,” said Alice, a little timidly, “why you are painting those roses?” Five and Seven said nothing, but looked at Two.
output_0891|Two began in a low voice, “Why the fact is, you see, Miss, this here ought to have been a _red_ rose-tree, and we put a white one in by mistake; and if the Queen was to find it out, we should all have our heads cut off, you know.
output_0892|So you see, Miss, we’re doing our best, afore she comes, to—” At this moment Five, who had been anxiously looking across the garden, called out “The Queen!
output_0893|The Queen!” and the three gardeners instantly threw themselves flat upon their faces. There was a sound of many footsteps, and Alice looked round, eager to see the Queen.
output_0894|First came ten soldiers carrying clubs; these were all shaped like the three gardeners, oblong and flat, with their hands and feet at the corners: next the ten courtiers; these were ornamented all over with diamonds, and walked two and two, as the soldiers did.
output_0895|After these came the royal children; there were ten of them, and the little dears came jumping merrily along hand in hand, in couples: they were all ornamented with hearts.
output_0896|Next came the guests, mostly Kings and Queens, and among them Alice recognised the White Rabbit: it was talking in a hurried nervous manner, smiling at everything that was said, and went by without noticing her.
output_0897|Then followed the Knave of Hearts, carrying the King’s crown on a crimson velvet cushion; and, last of all this grand procession, came THE KING AND QUEEN OF HEARTS.
output_0898|Alice was rather doubtful whether she ought not to lie down on her face like the three gardeners, but she could not remember ever having heard of such a rule at processions; “and besides, what would be the use of a procession,” thought she, “if people had all to lie down upon their faces, so that they couldn’t see it?” So she stood still where she was, and waited.
output_0899|When the procession came opposite to Alice, they all stopped and looked at her, and the Queen said severely “Who is this?” She said it to the Knave of Hearts, who only bowed and smiled in reply.
output_0900|“Idiot!” said the Queen, tossing her head impatiently; and, turning to Alice, she went on, “What’s your name, child?” “My name is Alice, so please your Majesty,” said Alice very politely; but she added, to herself, “Why, they’re only a pack of cards, after all.
output_0901|I needn’t be afraid of them!” “And who are _these?_” said the Queen, pointing to the three gardeners who were lying round the rose-tree; for, you see, as they were lying on their faces, and the pattern on their backs was the same as the rest of the pack, she could not tell whether they were gardeners, or soldiers, or courtiers, or three of her own children.
output_0902|“How should _I_ know?” said Alice, surprised at her own courage.
output_0903|“It’s no business of _mine_.” The Queen turned crimson with fury, and, after glaring at her for a moment like a wild beast, screamed “Off with her head!
output_0904|Off—” “Nonsense!” said Alice, very loudly and decidedly, and the Queen was silent.
output_0905|The King laid his hand upon her arm, and timidly said “Consider, my dear: she is only a child!” The Queen turned angrily away from him, and said to the Knave “Turn them over!” The Knave did so, very carefully, with one foot.
output_0906|“Get up!” said the Queen, in a shrill, loud voice, and the three gardeners instantly jumped up, and began bowing to the King, the Queen, the royal children, and everybody else.
output_0907|“Leave off that!” screamed the Queen.
output_0908|“You make me giddy.” And then, turning to the rose-tree, she went on, “What _have_ you been doing here?” “May it please your Majesty,” said Two, in a very humble tone, going down on one knee as he spoke, “we were trying—” “_I_ see!” said the Queen, who had meanwhile been examining the roses.
output_0909|“Off with their heads!” and the procession moved on, three of the soldiers remaining behind to execute the unfortunate gardeners, who ran to Alice for protection.
output_0910|“You shan’t be beheaded!” said Alice, and she put them into a large flower-pot that stood near.
output_0911|The three soldiers wandered about for a minute or two, looking for them, and then quietly marched off after the others. “Are their heads off?” shouted the Queen.
output_0912|“Their heads are gone, if it please your Majesty!” the soldiers shouted in reply. “That’s right!” shouted the Queen.
output_0913|“Can you play croquet?” The soldiers were silent, and looked at Alice, as the question was evidently meant for her. “Yes!” shouted Alice.
output_0914|“Come on, then!” roared the Queen, and Alice joined the procession, wondering very much what would happen next. “It’s—it’s a very fine day!” said a timid voice at her side.
output_0915|She was walking by the White Rabbit, who was peeping anxiously into her face. “Very,” said Alice: “—where’s the Duchess?” “Hush! Hush!” said the Rabbit in a low, hurried tone.
output_0916|He looked anxiously over his shoulder as he spoke, and then raised himself upon tiptoe, put his mouth close to her ear, and whispered “She’s under sentence of execution.” “What for?” said Alice.
output_0917|“Did you say ‘What a pity!’?” the Rabbit asked. “No, I didn’t,” said Alice: “I don’t think it’s at all a pity. I said ‘What for?’” “She boxed the Queen’s ears—” the Rabbit began.
output_0918|Alice gave a little scream of laughter. “Oh, hush!” the Rabbit whispered in a frightened tone. “The Queen will hear you!
output_0919|You see, she came rather late, and the Queen said—” “Get to your places!” shouted the Queen in a voice of thunder, and people began running about in all directions, tumbling up against each other; however, they got settled down in a minute or two, and the game began.
output_0920|Alice thought she had never seen such a curious croquet-ground in her life; it was all ridges and furrows; the balls were live hedgehogs, the mallets live flamingoes, and the soldiers had to double themselves up and to stand on their hands and feet, to make the arches.
output_0921|The chief difficulty Alice found at first was in managing her flamingo: she succeeded in getting its body tucked away, comfortably enough, under her arm, with its legs hanging down, but generally, just as she had got its neck nicely straightened out, and was going to give the hedgehog a blow with its head, it _would_ twist itself round and look up in her face, with such a puzzled expression that she could not help bursting out laughing: and when she had got its head down, and was going to begin again, it was very provoking to find that the hedgehog had unrolled itself, and was in the act of crawling away: besides all this, there was generally a ridge or furrow in the way wherever she wanted to send the hedgehog to, and, as the doubled-up soldiers were always getting up and walking off to other parts of the ground, Alice soon came to the conclusion that it was a very difficult game indeed.
output_0922|The players all played at once without waiting for turns, quarrelling all the while, and fighting for the hedgehogs; and in a very short time the Queen was in a furious passion, and went stamping about, and shouting “Off with his head!” or “Off with her head!” about once in a minute.
output_0923|Alice began to feel very uneasy: to be sure, she had not as yet had any dispute with the Queen, but she knew that it might happen any minute, “and then,” thought she, “what would become of me?
output_0924|They’re dreadfully fond of beheading people here; the great wonder is, that there’s any one left alive!” She was looking about for some way of escape, and wondering whether she could get away without being seen, when she noticed a curious appearance in the air: it puzzled her very much at first, but, after watching it a minute or two, she made it out to be a grin, and she said to herself “It’s the Cheshire Cat: now I shall have somebody to talk to.” “How are you getting on?” said the Cat, as soon as there was mouth enough for it to speak with.
output_0925|Alice waited till the eyes appeared, and then nodded.
output_0926|“It’s no use speaking to it,” she thought, “till its ears have come, or at least one of them.” In another minute the whole head appeared, and then Alice put down her flamingo, and began an account of the game, feeling very glad she had someone to listen to her.
output_0927|The Cat seemed to think that there was enough of it now in sight, and no more of it appeared.
output_0928|“I don’t think they play at all fairly,” Alice began, in rather a complaining tone, “and they all quarrel so dreadfully one can’t hear oneself speak—and they don’t seem to have any rules in particular; at least, if there are, nobody attends to them—and you’ve no idea how confusing it is all the things being alive; for instance, there’s the arch I’ve got to go through next walking about at the other end of the ground—and I should have croqueted the Queen’s hedgehog just now, only it ran away when it saw mine coming!” “How do you like the Queen?” said the Cat in a low voice.
output_0929|“Not at all,” said Alice: “she’s so extremely—” Just then she noticed that the Queen was close behind her, listening: so she went on, “—likely to win, that it’s hardly worth while finishing the game.” The Queen smiled and passed on.
output_0930|“Who _are_ you talking to?” said the King, going up to Alice, and looking at the Cat’s head with great curiosity.
output_0931|“It’s a friend of mine—a Cheshire Cat,” said Alice: “allow me to introduce it.” “I don’t like the look of it at all,” said the King: “however, it may kiss my hand if it likes.” “I’d rather not,” the Cat remarked.
output_0932|“Don’t be impertinent,” said the King, “and don’t look at me like that!” He got behind Alice as he spoke. “A cat may look at a king,” said Alice.
output_0933|“I’ve read that in some book, but I don’t remember where.” “Well, it must be removed,” said the King very decidedly, and he called the Queen, who was passing at the moment, “My dear!
output_0934|I wish you would have this cat removed!” The Queen had only one way of settling all difficulties, great or small. “Off with his head!” she said, without even looking round.
output_0935|“I’ll fetch the executioner myself,” said the King eagerly, and he hurried off.
output_0936|Alice thought she might as well go back, and see how the game was going on, as she heard the Queen’s voice in the distance, screaming with passion.
output_0937|She had already heard her sentence three of the players to be executed for having missed their turns, and she did not like the look of things at all, as the game was in such confusion that she never knew whether it was her turn or not.
output_0938|So she went in search of her hedgehog.
output_0939|The hedgehog was engaged in a fight with another hedgehog, which seemed to Alice an excellent opportunity for croqueting one of them with the other: the only difficulty was, that her flamingo was gone across to the other side of the garden, where Alice could see it trying in a helpless sort of way to fly up into a tree.
output_0940|By the time she had caught the flamingo and brought it back, the fight was over, and both the hedgehogs were out of sight: “but it doesn’t matter much,” thought Alice, “as all the arches are gone from this side of the ground.” So she tucked it away under her arm, that it might not escape again, and went back for a little more conversation with her friend.
output_0941|When she got back to the Cheshire Cat, she was surprised to find quite a large crowd collected round it: there was a dispute going on between the executioner, the King, and the Queen, who were all talking at once, while all the rest were quite silent, and looked very uncomfortable.
output_0942|The moment Alice appeared, she was appealed to by all three to settle the question, and they repeated their arguments to her, though, as they all spoke at once, she found it very hard indeed to make out exactly what they said.
output_0943|The executioner’s argument was, that you couldn’t cut off a head unless there was a body to cut it off from: that he had never had to do such a thing before, and he wasn’t going to begin at _his_ time of life.
output_0944|The King’s argument was, that anything that had a head could be beheaded, and that you weren’t to talk nonsense.
output_0945|The Queen’s argument was, that if something wasn’t done about it in less than no time she’d have everybody executed, all round.
output_0946|(It was this last remark that had made the whole party look so grave and anxious.) Alice could think of nothing else to say but “It belongs to the Duchess: you’d better ask _her_ about it.” “She’s in prison,” the Queen said to the executioner: “fetch her here.” And the executioner went off like an arrow.
output_0947|The Cat’s head began fading away the moment he was gone, and, by the time he had come back with the Duchess, it had entirely disappeared; so the King and the executioner ran wildly up and down looking for it, while the rest of the party went back to the game.
output_0949|The Mock Turtle’s Story “You can’t think how glad I am to see you again, you dear old thing!” said the Duchess, as she tucked her arm affectionately into Alice’s, and they walked off together.
output_0950|Alice was very glad to find her in such a pleasant temper, and thought to herself that perhaps it was only the pepper that had made her so savage when they met in the kitchen.
output_0951|“When _I’m_ a Duchess,” she said to herself, (not in a very hopeful tone though), “I won’t have any pepper in my kitchen _at all_.
output_0952|Soup does very well without—Maybe it’s always pepper that makes people hot-tempered,” she went on, very much pleased at having found out a new kind of rule, “and vinegar that makes them sour—and camomile that makes them bitter—and—and barley-sugar and such things that make children sweet-tempered.
output_0953|I only wish people knew _that_: then they wouldn’t be so stingy about it, you know—” She had quite forgotten the Duchess by this time, and was a little startled when she heard her voice close to her ear.
output_0954|“You’re thinking about something, my dear, and that makes you forget to talk.
output_0955|I can’t tell you just now what the moral of that is, but I shall remember it in a bit.” “Perhaps it hasn’t one,” Alice ventured to remark. “Tut, tut, child!” said the Duchess.
output_0956|“Everything’s got a moral, if only you can find it.” And she squeezed herself up closer to Alice’s side as she spoke.
output_0957|Alice did not much like keeping so close to her: first, because the Duchess was _very_ ugly; and secondly, because she was exactly the right height to rest her chin upon Alice’s shoulder, and it was an uncomfortably sharp chin.
output_0958|However, she did not like to be rude, so she bore it as well as she could. “The game’s going on rather better now,” she said, by way of keeping up the conversation a little.
output_0959|“’Tis so,” said the Duchess: “and the moral of that is—‘Oh, ’tis love, ’tis love, that makes the world go round!’” “Somebody said,” Alice whispered, “that it’s done by everybody minding their own business!” “Ah, well!
output_0960|It means much the same thing,” said the Duchess, digging her sharp little chin into Alice’s shoulder as she added, “and the moral of _that_ is—‘Take care of the sense, and the sounds will take care of themselves.’” “How fond she is of finding morals in things!” Alice thought to herself.
output_0961|“I dare say you’re wondering why I don’t put my arm round your waist,” the Duchess said after a pause: “the reason is, that I’m doubtful about the temper of your flamingo.
output_0962|Shall I try the experiment?” “He might bite,” Alice cautiously replied, not feeling at all anxious to have the experiment tried. “Very true,” said the Duchess: “flamingoes and mustard both bite.
output_0963|And the moral of that is—‘Birds of a feather flock together.’” “Only mustard isn’t a bird,” Alice remarked.
output_0964|“Right, as usual,” said the Duchess: “what a clear way you have of putting things!” “It’s a mineral, I _think_,” said Alice.
output_0965|“Of course it is,” said the Duchess, who seemed ready to agree to everything that Alice said; “there’s a large mustard-mine near here.
output_0966|And the moral of that is—‘The more there is of mine, the less there is of yours.’” “Oh, I know!” exclaimed Alice, who had not attended to this last remark, “it’s a vegetable.
output_0967|It doesn’t look like one, but it is.” “I quite agree with you,” said the Duchess; “and the moral of that is—‘Be what you would seem to be’—or if you’d like it put more simply—‘Never imagine yourself not to be otherwise than what it might appear to others that what you were or might have been was not otherwise than what you had been would have appeared to them to be otherwise.’” “I think I should understand that better,” Alice said very politely, “if I had it written down: but I can’t quite follow it as you say it.” “That’s nothing to what I could say if I chose,” the Duchess replied, in a pleased tone.
output_0968|“Pray don’t trouble yourself to say it any longer than that,” said Alice. “Oh, don’t talk about trouble!” said the Duchess.
output_0969|“I make you a present of everything I’ve said as yet.” “A cheap sort of present!” thought Alice. “I’m glad they don’t give birthday presents like that!” But she did not venture to say it out loud.
output_0970|“Thinking again?” the Duchess asked, with another dig of her sharp little chin. “I’ve a right to think,” said Alice sharply, for she was beginning to feel a little worried.
output_0971|“Just about as much right,” said the Duchess, “as pigs have to fly; and the m—” But here, to Alice’s great surprise, the Duchess’s voice died away, even in the middle of her favourite word ‘moral,’ and the arm that was linked into hers began to tremble.
output_0972|Alice looked up, and there stood the Queen in front of them, with her arms folded, frowning like a thunderstorm. “A fine day, your Majesty!” the Duchess began in a low, weak voice.
output_0973|“Now, I give you fair warning,” shouted the Queen, stamping on the ground as she spoke; “either you or your head must be off, and that in about half no time!
output_0974|Take your choice!” The Duchess took her choice, and was gone in a moment.
output_0975|“Let’s go on with the game,” the Queen said to Alice; and Alice was too much frightened to say a word, but slowly followed her back to the croquet-ground.
output_0976|The other guests had taken advantage of the Queen’s absence, and were resting in the shade: however, the moment they saw her, they hurried back to the game, the Queen merely remarking that a moment’s delay would cost them their lives.
output_0977|All the time they were playing the Queen never left off quarrelling with the other players, and shouting “Off with his head!” or “Off with her head!” Those whom she sentenced were taken into custody by the soldiers, who of course had to leave off being arches to do this, so that by the end of half an hour or so there were no arches left, and all the players, except the King, the Queen, and Alice, were in custody and under sentence of execution.
output_0978|Then the Queen left off, quite out of breath, and said to Alice, “Have you seen the Mock Turtle yet?” “No,” said Alice.
output_0979|“I don’t even know what a Mock Turtle is.” “It’s the thing Mock Turtle Soup is made from,” said the Queen. “I never saw one, or heard of one,” said Alice.
output_0980|“Come on, then,” said the Queen, “and he shall tell you his history.” As they walked off together, Alice heard the King say in a low voice, to the company generally, “You are all pardoned.” “Come, _that’s_ a good thing!” she said to herself, for she had felt quite unhappy at the number of executions the Queen had ordered.
output_0981|They very soon came upon a Gryphon, lying fast asleep in the sun.
output_0982|(If you don’t know what a Gryphon is, look at the picture.) “Up, lazy thing!” said the Queen, “and take this young lady to see the Mock Turtle, and to hear his history.
output_0983|I must go back and see after some executions I have ordered;” and she walked off, leaving Alice alone with the Gryphon.
output_0984|Alice did not quite like the look of the creature, but on the whole she thought it would be quite as safe to stay with it as to go after that savage Queen: so she waited.
output_0985|The Gryphon sat up and rubbed its eyes: then it watched the Queen till she was out of sight: then it chuckled. “What fun!” said the Gryphon, half to itself, half to Alice.
output_0986|“What _is_ the fun?” said Alice. “Why, _she_,” said the Gryphon. “It’s all her fancy, that: they never executes nobody, you know.
output_0987|Come on!” “Everybody says ‘come on!’ here,” thought Alice, as she went slowly after it: “I never was so ordered about in all my life, never!” They had not gone far before they saw the Mock Turtle in the distance, sitting sad and lonely on a little ledge of rock, and, as they came nearer, Alice could hear him sighing as if his heart would break.
output_0988|She pitied him deeply. “What is his sorrow?” she asked the Gryphon, and the Gryphon answered, very nearly in the same words as before, “It’s all his fancy, that: he hasn’t got no sorrow, you know.
output_0989|Come on!” So they went up to the Mock Turtle, who looked at them with large eyes full of tears, but said nothing.
output_0990|“This here young lady,” said the Gryphon, “she wants for to know your history, she do.” “I’ll tell it her,” said the Mock Turtle in a deep, hollow tone: “sit down, both of you, and don’t speak a word till I’ve finished.” So they sat down, and nobody spoke for some minutes.
output_0991|Alice thought to herself, “I don’t see how he can _ever_ finish, if he doesn’t begin.” But she waited patiently.
output_0992|“Once,” said the Mock Turtle at last, with a deep sigh, “I was a real Turtle.” These words were followed by a very long silence, broken only by an occasional exclamation of “Hjckrrh!” from the Gryphon, and the constant heavy sobbing of the Mock Turtle.
output_0993|Alice was very nearly getting up and saying, “Thank you, sir, for your interesting story,” but she could not help thinking there _must_ be more to come, so she sat still and said nothing.
output_0994|“When we were little,” the Mock Turtle went on at last, more calmly, though still sobbing a little now and then, “we went to school in the sea.
output_0995|The master was an old Turtle—we used to call him Tortoise—” “Why did you call him Tortoise, if he wasn’t one?” Alice asked.
output_0996|“We called him Tortoise because he taught us,” said the Mock Turtle angrily: “really you are very dull!” “You ought to be ashamed of yourself for asking such a simple question,” added the Gryphon; and then they both sat silent and looked at poor Alice, who felt ready to sink into the earth.
output_0997|At last the Gryphon said to the Mock Turtle, “Drive on, old fellow!
output_0998|Don’t be all day about it!” and he went on in these words: “Yes, we went to school in the sea, though you mayn’t believe it—” “I never said I didn’t!” interrupted Alice.
output_0999|“You did,” said the Mock Turtle. “Hold your tongue!” added the Gryphon, before Alice could speak again. The Mock Turtle went on.
output_1000|“We had the best of educations—in fact, we went to school every day—” “_I’ve_ been to a day-school, too,” said Alice; “you needn’t be so proud as all that.” “With extras?” asked the Mock Turtle a little anxiously.
output_1001|“Yes,” said Alice, “we learned French and music.” “And washing?” said the Mock Turtle. “Certainly not!” said Alice indignantly. “Ah!
output_1002|then yours wasn’t a really good school,” said the Mock Turtle in a tone of great relief.
output_1003|“Now at _ours_ they had at the end of the bill, ‘French, music, _and washing_—extra.’” “You couldn’t have wanted it much,” said Alice; “living at the bottom of the sea.” “I couldn’t afford to learn it.” said the Mock Turtle with a sigh.
output_1004|“I only took the regular course.” “What was that?” inquired Alice.
output_1005|“Reeling and Writhing, of course, to begin with,” the Mock Turtle replied; “and then the different branches of Arithmetic—Ambition, Distraction, Uglification, and Derision.” “I never heard of ‘Uglification,’” Alice ventured to say.
output_1006|“What is it?” The Gryphon lifted up both its paws in surprise. “What! Never heard of uglifying!” it exclaimed.
output_1007|“You know what to beautify is, I suppose?” “Yes,” said Alice doubtfully: “it means—to—make—anything—prettier.” “Well, then,” the Gryphon went on, “if you don’t know what to uglify is, you _are_ a simpleton.” Alice did not feel encouraged to ask any more questions about it, so she turned to the Mock Turtle, and said “What else had you to learn?” “Well, there was Mystery,” the Mock Turtle replied, counting off the subjects on his flappers, “—Mystery, ancient and modern, with Seaography: then Drawling—the Drawling-master was an old conger-eel, that used to come once a week: _he_ taught us Drawling, Stretching, and Fainting in Coils.” “What was _that_ like?” said Alice.
output_1008|“Well, I can’t show it you myself,” the Mock Turtle said: “I’m too stiff. And the Gryphon never learnt it.” “Hadn’t time,” said the Gryphon: “I went to the Classics master, though.
output_1009|He was an old crab, _he_ was.” “I never went to him,” the Mock Turtle said with a sigh: “he taught Laughing and Grief, they used to say.” “So he did, so he did,” said the Gryphon, sighing in his turn; and both creatures hid their faces in their paws.
output_1010|“And how many hours a day did you do lessons?” said Alice, in a hurry to change the subject.
output_1011|“Ten hours the first day,” said the Mock Turtle: “nine the next, and so on.” “What a curious plan!” exclaimed Alice.
output_1012|“That’s the reason they’re called lessons,” the Gryphon remarked: “because they lessen from day to day.” This was quite a new idea to Alice, and she thought it over a little before she made her next remark.
output_1013|“Then the eleventh day must have been a holiday?” “Of course it was,” said the Mock Turtle. “And how did you manage on the twelfth?” Alice went on eagerly.
output_1014|“That’s enough about lessons,” the Gryphon interrupted in a very decided tone: “tell her something about the games now.” CHAPTER X.
output_1015|The Lobster Quadrille The Mock Turtle sighed deeply, and drew the back of one flapper across his eyes. He looked at Alice, and tried to speak, but for a minute or two sobs choked his voice.
output_1016|“Same as if he had a bone in his throat,” said the Gryphon: and it set to work shaking him and punching him in the back.
output_1017|At last the Mock Turtle recovered his voice, and, with tears running down his cheeks, he went on again:— “You may not have lived much under the sea—” (“I haven’t,” said Alice)—“and perhaps you were never even introduced to a lobster—” (Alice began to say “I once tasted—” but checked herself hastily, and said “No, never”) “—so you can have no idea what a delightful thing a Lobster Quadrille is!” “No, indeed,” said Alice.
output_1018|“What sort of a dance is it?” “Why,” said the Gryphon, “you first form into a line along the sea-shore—” “Two lines!” cried the Mock Turtle.
output_1019|“Seals, turtles, salmon, and so on; then, when you’ve cleared all the jelly-fish out of the way—” “_That_ generally takes some time,” interrupted the Gryphon.
output_1020|“—you advance twice—” “Each with a lobster as a partner!” cried the Gryphon.
output_1021|“Of course,” the Mock Turtle said: “advance twice, set to partners—” “—change lobsters, and retire in same order,” continued the Gryphon.
output_1022|“Then, you know,” the Mock Turtle went on, “you throw the—” “The lobsters!” shouted the Gryphon, with a bound into the air. “—as far out to sea as you can—” “Swim after them!” screamed the Gryphon.
output_1023|“Turn a somersault in the sea!” cried the Mock Turtle, capering wildly about. “Change lobsters again!” yelled the Gryphon at the top of its voice.
output_1024|“Back to land again, and that’s all the first figure,” said the Mock Turtle, suddenly dropping his voice; and the two creatures, who had been jumping about like mad things all this time, sat down again very sadly and quietly, and looked at Alice.
output_1025|“It must be a very pretty dance,” said Alice timidly. “Would you like to see a little of it?” said the Mock Turtle. “Very much indeed,” said Alice.
output_1026|“Come, let’s try the first figure!” said the Mock Turtle to the Gryphon. “We can do without lobsters, you know. Which shall sing?” “Oh, _you_ sing,” said the Gryphon.
output_1027|“I’ve forgotten the words.” So they began solemnly dancing round and round Alice, every now and then treading on her toes when they passed too close, and waving their forepaws to mark the time, while the Mock Turtle sang this, very slowly and sadly:— “Will you walk a little faster?” said a whiting to a snail.
output_1028|“There’s a porpoise close behind us, and he’s treading on my tail. See how eagerly the lobsters and the turtles all advance! They are waiting on the shingle—will you come and join the dance?
output_1029|Will you, won’t you, will you, won’t you, will you join the dance? Will you, won’t you, will you, won’t you, won’t you join the dance?
output_1030|“You can really have no notion how delightful it will be When they take us up and throw us, with the lobsters, out to sea!” But the snail replied “Too far, too far!” and gave a look askance— Said he thanked the whiting kindly, but he would not join the dance.
output_1031|Would not, could not, would not, could not, would not join the dance. Would not, could not, would not, could not, could not join the dance. “What matters it how far we go?” his scaly friend replied.
output_1032|“There is another shore, you know, upon the other side. The further off from England the nearer is to France— Then turn not pale, beloved snail, but come and join the dance.
output_1033|Will you, won’t you, will you, won’t you, will you join the dance?
output_1034|Will you, won’t you, will you, won’t you, won’t you join the dance?” “Thank you, it’s a very interesting dance to watch,” said Alice, feeling very glad that it was over at last: “and I do so like that curious song about the whiting!” “Oh, as to the whiting,” said the Mock Turtle, “they—you’ve seen them, of course?” “Yes,” said Alice, “I’ve often seen them at dinn—” she checked herself hastily.
output_1035|“I don’t know where Dinn may be,” said the Mock Turtle, “but if you’ve seen them so often, of course you know what they’re like.” “I believe so,” Alice replied thoughtfully.
output_1036|“They have their tails in their mouths—and they’re all over crumbs.” “You’re wrong about the crumbs,” said the Mock Turtle: “crumbs would all wash off in the sea.
output_1037|But they _have_ their tails in their mouths; and the reason is—” here the Mock Turtle yawned and shut his eyes.—“Tell her about the reason and all that,” he said to the Gryphon.
output_1038|“The reason is,” said the Gryphon, “that they _would_ go with the lobsters to the dance. So they got thrown out to sea. So they had to fall a long way. So they got their tails fast in their mouths.
output_1039|So they couldn’t get them out again. That’s all.” “Thank you,” said Alice, “it’s very interesting.
output_1040|I never knew so much about a whiting before.” “I can tell you more than that, if you like,” said the Gryphon. “Do you know why it’s called a whiting?” “I never thought about it,” said Alice.
output_1041|“Why?” “_It does the boots and shoes_,” the Gryphon replied very solemnly. Alice was thoroughly puzzled. “Does the boots and shoes!” she repeated in a wondering tone.
output_1042|“Why, what are _your_ shoes done with?” said the Gryphon. “I mean, what makes them so shiny?” Alice looked down at them, and considered a little before she gave her answer.
output_1043|“They’re done with blacking, I believe.” “Boots and shoes under the sea,” the Gryphon went on in a deep voice, “are done with a whiting.
output_1044|Now you know.” “And what are they made of?” Alice asked in a tone of great curiosity.
output_1045|“Soles and eels, of course,” the Gryphon replied rather impatiently: “any shrimp could have told you that.” “If I’d been the whiting,” said Alice, whose thoughts were still running on the song, “I’d have said to the porpoise, ‘Keep back, please: we don’t want _you_ with us!’” “They were obliged to have him with them,” the Mock Turtle said: “no wise fish would go anywhere without a porpoise.” “Wouldn’t it really?” said Alice in a tone of great surprise.
output_1046|“Of course not,” said the Mock Turtle: “why, if a fish came to _me_, and told me he was going a journey, I should say ‘With what porpoise?’” “Don’t you mean ‘purpose’?” said Alice.
output_1047|“I mean what I say,” the Mock Turtle replied in an offended tone.
output_1048|And the Gryphon added “Come, let’s hear some of _your_ adventures.” “I could tell you my adventures—beginning from this morning,” said Alice a little timidly: “but it’s no use going back to yesterday, because I was a different person then.” “Explain all that,” said the Mock Turtle.
output_1050|The adventures first,” said the Gryphon in an impatient tone: “explanations take such a dreadful time.” So Alice began telling them her adventures from the time when she first saw the White Rabbit.
output_1051|She was a little nervous about it just at first, the two creatures got so close to her, one on each side, and opened their eyes and mouths so _very_ wide, but she gained courage as she went on.
output_1052|Her listeners were perfectly quiet till she got to the part about her repeating “_You are old, Father William_,” to the Caterpillar, and the words all coming different, and then the Mock Turtle drew a long breath, and said “That’s very curious.” “It’s all about as curious as it can be,” said the Gryphon.
output_1053|“It all came different!” the Mock Turtle repeated thoughtfully. “I should like to hear her try and repeat something now.
output_1054|Tell her to begin.” He looked at the Gryphon as if he thought it had some kind of authority over Alice. “Stand up and repeat ‘’_Tis the voice of the sluggard_,’” said the Gryphon.
output_1055|“How the creatures order one about, and make one repeat lessons!” thought Alice; “I might as well be at school at once.” However, she got up, and began to repeat it, but her head was so full of the Lobster Quadrille, that she hardly knew what she was saying, and the words came very queer indeed:— “’Tis the voice of the Lobster; I heard him declare, “You have baked me too brown, I must sugar my hair.” As a duck with its eyelids, so he with his nose Trims his belt and his buttons, and turns out his toes.” [later editions continued as follows When the sands are all dry, he is gay as a lark, And will talk in contemptuous tones of the Shark, But, when the tide rises and sharks are around, His voice has a timid and tremulous sound.] “That’s different from what _I_ used to say when I was a child,” said the Gryphon.
output_1056|“Well, I never heard it before,” said the Mock Turtle; “but it sounds uncommon nonsense.” Alice said nothing; she had sat down with her face in her hands, wondering if anything would _ever_ happen in a natural way again.
output_1057|“I should like to have it explained,” said the Mock Turtle. “She can’t explain it,” said the Gryphon hastily. “Go on with the next verse.” “But about his toes?” the Mock Turtle persisted.
output_1058|“How _could_ he turn them out with his nose, you know?” “It’s the first position in dancing.” Alice said; but was dreadfully puzzled by the whole thing, and longed to change the subject.
output_1059|“Go on with the next verse,” the Gryphon repeated impatiently: “it begins ‘_I passed by his garden_.’” Alice did not dare to disobey, though she felt sure it would all come wrong, and she went on in a trembling voice:— “I passed by his garden, and marked, with one eye, How the Owl and the Panther were sharing a pie—” [later editions continued as follows The Panther took pie-crust, and gravy, and meat, While the Owl had the dish as its share of the treat.
output_1060|When the pie was all finished, the Owl, as a boon, Was kindly permitted to pocket the spoon: While the Panther received knife and fork with a growl, And concluded the banquet—] “What _is_ the use of repeating all that stuff,” the Mock Turtle interrupted, “if you don’t explain it as you go on?
output_1061|It’s by far the most confusing thing _I_ ever heard!” “Yes, I think you’d better leave off,” said the Gryphon: and Alice was only too glad to do so.
output_1062|“Shall we try another figure of the Lobster Quadrille?” the Gryphon went on.
output_1063|“Or would you like the Mock Turtle to sing you a song?” “Oh, a song, please, if the Mock Turtle would be so kind,” Alice replied, so eagerly that the Gryphon said, in a rather offended tone, “Hm!
output_1064|No accounting for tastes!
output_1065|Sing her ‘_Turtle Soup_,’ will you, old fellow?” The Mock Turtle sighed deeply, and began, in a voice sometimes choked with sobs, to sing this:— “Beautiful Soup, so rich and green, Waiting in a hot tureen!
output_1066|Who for such dainties would not stoop? Soup of the evening, beautiful Soup! Soup of the evening, beautiful Soup! Beau—ootiful Soo—oop! Beau—ootiful Soo—oop!
output_1067|Soo—oop of the e—e—evening, Beautiful, beautiful Soup! “Beautiful Soup! Who cares for fish, Game, or any other dish? Who would not give all else for two p ennyworth only of beautiful Soup?
output_1068|Pennyworth only of beautiful Soup? Beau—ootiful Soo—oop! Beau—ootiful Soo—oop!
output_1069|Soo—oop of the e—e—evening, Beautiful, beauti—FUL SOUP!” “Chorus again!” cried the Gryphon, and the Mock Turtle had just begun to repeat it, when a cry of “The trial’s beginning!” was heard in the distance.
output_1070|“Come on!” cried the Gryphon, and, taking Alice by the hand, it hurried off, without waiting for the end of the song.
output_1071|“What trial is it?” Alice panted as she ran; but the Gryphon only answered “Come on!” and ran the faster, while more and more faintly came, carried on the breeze that followed them, the melancholy words:— “Soo—oop of the e—e—evening, Beautiful, beautiful Soup!” CHAPTER XI.
output_1072|Who Stole the Tarts?
output_1073|The King and Queen of Hearts were seated on their throne when they arrived, with a great crowd assembled about them—all sorts of little birds and beasts, as well as the whole pack of cards: the Knave was standing before them, in chains, with a soldier on each side to guard him; and near the King was the White Rabbit, with a trumpet in one hand, and a scroll of parchment in the other.
output_1074|In the very middle of the court was a table, with a large dish of tarts upon it: they looked so good, that it made Alice quite hungry to look at them—“I wish they’d get the trial done,” she thought, “and hand round the refreshments!” But there seemed to be no chance of this, so she began looking at everything about her, to pass away the time.
output_1075|Alice had never been in a court of justice before, but she had read about them in books, and she was quite pleased to find that she knew the name of nearly everything there.
output_1076|“That’s the judge,” she said to herself, “because of his great wig.” The judge, by the way, was the King; and as he wore his crown over the wig, (look at the frontispiece if you want to see how he did it,) he did not look at all comfortable, and it was certainly not becoming.
output_1077|“And that’s the jury-box,” thought Alice, “and those twelve creatures,” (she was obliged to say “creatures,” you see, because some of them were animals, and some were birds,) “I suppose they are the jurors.” She said this last word two or three times over to herself, being rather proud of it: for she thought, and rightly too, that very few little girls of her age knew the meaning of it at all.
output_1078|However, “jury-men” would have done just as well. The twelve jurors were all writing very busily on slates. “What are they doing?” Alice whispered to the Gryphon.
output_1079|“They can’t have anything to put down yet, before the trial’s begun.” “They’re putting down their names,” the Gryphon whispered in reply, “for fear they should forget them before the end of the trial.” “Stupid things!” Alice began in a loud, indignant voice, but she stopped hastily, for the White Rabbit cried out, “Silence in the court!” and the King put on his spectacles and looked anxiously round, to make out who was talking.
output_1080|Alice could see, as well as if she were looking over their shoulders, that all the jurors were writing down “stupid things!” on their slates, and she could even make out that one of them didn’t know how to spell “stupid,” and that he had to ask his neighbour to tell him.
output_1081|“A nice muddle their slates’ll be in before the trial’s over!” thought Alice. One of the jurors had a pencil that squeaked.
output_1082|This of course, Alice could _not_ stand, and she went round the court and got behind him, and very soon found an opportunity of taking it away.
output_1083|She did it so quickly that the poor little juror (it was Bill, the Lizard) could not make out at all what had become of it; so, after hunting all about for it, he was obliged to write with one finger for the rest of the day; and this was of very little use, as it left no mark on the slate.
output_1084|“Herald, read the accusation!” said the King.
output_1085|On this the White Rabbit blew three blasts on the trumpet, and then unrolled the parchment scroll, and read as follows:— “The Queen of Hearts, she made some tarts, All on a summer day: The Knave of Hearts, he stole those tarts, And took them quite away!” “Consider your verdict,” the King said to the jury.
output_1086|“Not yet, not yet!” the Rabbit hastily interrupted.
output_1087|“There’s a great deal to come before that!” “Call the first witness,” said the King; and the White Rabbit blew three blasts on the trumpet, and called out, “First witness!” The first witness was the Hatter.
output_1088|He came in with a teacup in one hand and a piece of bread-and-butter in the other.